,Gender&Feminino,Gender&Masculino,Gender&Outro,Marital_Status&Casada(o),Marital_Status&Solteira(o),Ocupation&Estudante,Ocupation&Estudante e Trabalho,Age,Grad_Period,Children,S1,A2,D3,A4,D5,S6,A7,S8,A9,D10,S11,S12,D13,S14,A15,D16,D17,S18,A19,A20,D21
0,False,True,False,False,True,False,True,0.6296296296296295,0.8,0.0,0.0,0.0,0.0,0.3333333333333333,0.6666666666666666,0.3333333333333333,0.3333333333333333,0.3333333333333333,1.0,0.0,1.0,0.6666666666666666,0.3333333333333333,0.3333333333333333,0.3333333333333333,0.3333333333333333,0.0,0.3333333333333333,0.6666666666666666,0.6666666666666666,0.0
0,False,True,False,False,True,False,True,0.6296296296296295,0.8,0.0,0.0,0.0,0.0,0.3333333333333333,0.6666666666666666,0.3333333333333333,0.3333333333333333,0.3333333333333333,1.0,0.0,1.0,0.6666666666666666,0.3333333333333333,0.3333333333333333,0.3333333333333333,0.3333333333333333,0.0,0.3333333333333333,0.6666666666666666,0.6666666666666666,0.0
1,False,True,False,False,True,True,False,0.22222222222222232,0.8,0.0,0.3333333333333333,0.3333333333333333,0.3333333333333333,0.0,0.6666666666666666,1.0,0.0,0.0,0.0,0.6666666666666666,0.3333333333333333,0.3333333333333333,0.0,0.6666666666666666,0.0,0.3333333333333333,0.0,0.3333333333333333,0.0,0.0,0.3333333333333333
1,True,False,False,False,True,True,False,0.22222222222222232,0.8,0.0,0.3333333333333333,0.3333333333333333,0.3333333333333333,0.0,0.6666666666666666,1.0,0.0,0.0,0.0,0.6666666666666666,0.3333333333333333,0.3333333333333333,0.0,0.6666666666666666,0.0,0.3333333333333333,0.0,0.3333333333333333,0.0,0.0,0.3333333333333333
2,True,False,False,False,True,True,False,0.2962962962962963,0.8,0.0,0.3333333333333333,0.3333333333333333,0.3333333333333333,0.3333333333333333,0.6666666666666666,0.3333333333333333,0.0,0.3333333333333333,0.0,0.3333333333333333,0.3333333333333333,0.0,0.6666666666666666,0.0,0.0,0.3333333333333333,0.3333333333333333,0.0,0.3333333333333333,0.3333333333333333,0.0
2,True,False,False,False,True,True,False,0.2962962962962963,0.8,0.0,0.3333333333333333,0.3333333333333333,0.3333333333333333,0.3333333333333333,0.6666666666666666,0.3333333333333333,0.0,0.3333333333333333,0.0,0.3333333333333333,0.3333333333333333,0.0,0.6666666666666666,0.0,0.0,0.3333333333333333,0.3333333333333333,0.0,0.3333333333333333,0.3333333333333333,0.0
3,True,False,False,False,True,True,False,0.2592592592592593,0.8,0.0,0.3333333333333333,0.3333333333333333,0.0,0.3333333333333333,0.3333333333333333,0.0,0.0,0.3333333333333333,0.3333333333333333,0.3333333333333333,0.3333333333333333,0.3333333333333333,0.3333333333333333,0.3333333333333333,0.3333333333333333,0.0,0.0,0.6666666666666666,0.0,0.3333333333333333,0.0
3,True,False,False,False,True,True,False,0.2592592592592593,0.8,0.0,0.3333333333333333,0.3333333333333333,0.0,0.3333333333333333,0.3333333333333333,0.0,0.0,0.3333333333333333,0.3333333333333333,0.3333333333333333,0.3333333333333333,0.3333333333333333,0.3333333333333333,0.3333333333333333,0.3333333333333333,0.0,0.0,0.6666666666666666,0.0,0.3333333333333333,0.0
4,False,True,False,False,True,True,False,0.18518518518518523,0.8,0.0,0.3333333333333333,0.3333333333333333,0.3333333333333333,0.3333333333333333,0.3333333333333333,0.3333333333333333,0.3333333333333333,0.3333333333333333,0.3333333333333333,0.3333333333333333,0.3333333333333333,0.3333333333333333,0.3333333333333333,0.3333333333333333,0.3333333333333333,0.3333333333333333,0.3333333333333333,0.3333333333333333,0.3333333333333333,0.3333333333333333,0.3333333333333333
4,True,False,False,False,True,True,False,0.18518518518518523,0.8,0.0,0.3333333333333333,0.3333333333333333,0.3333333333333333,0.3333333333333333,0.3333333333333333,0.3333333333333333,0.3333333333333333,0.3333333333333333,0.3333333333333333,0.3333333333333333,0.3333333333333333,0.3333333333333333,0.3333333333333333,0.3333333333333333,0.3333333333333333,0.3333333333333333,0.3333333333333333,0.3333333333333333,0.3333333333333333,0.3333333333333333,0.3333333333333333
5,True,False,False,False,True,True,False,0.14814814814814814,0.8,0.0,0.3333333333333333,0.6666666666666666,0.3333333333333333,0.3333333333333333,0.3333333333333333,0.3333333333333333,0.3333333333333333,0.3333333333333333,0.3333333333333333,0.0,0.3333333333333333,0.3333333333333333,0.3333333333333333,0.0,0.3333333333333333,0.0,0.3333333333333333,0.3333333333333333,0.3333333333333333,0.3333333333333333,0.0
5,True,False,False,False,True,True,False,0.14814814814814814,0.8,0.0,0.3333333333333333,0.6666666666666666,0.3333333333333333,0.3333333333333333,0.3333333333333333,0.3333333333333333,0.3333333333333333,0.3333333333333333,0.3333333333333333,0.0,0.3333333333333333,0.3333333333333333,0.3333333333333333,0.0,0.3333333333333333,0.0,0.3333333333333333,0.3333333333333333,0.3333333333333333,0.3333333333333333,0.0
6,True,False,False,False,True,True,False,0.18518518518518523,0.8,0.0,0.3333333333333333,0.3333333333333333,0.3333333333333333,0.3333333333333333,0.6666666666666666,0.3333333333333333,0.0,0.3333333333333333,0.3333333333333333,0.3333333333333333,0.3333333333333333,0.3333333333333333,0.3333333333333333,0.3333333333333333,0.3333333333333333,0.3333333333333333,0.0,0.3333333333333333,0.6666666666666666,0.0,0.3333333333333333
6,True,False,False,False,True,True,False,0.18518518518518523,0.8,0.0,0.3333333333333333,0.3333333333333333,0.3333333333333333,0.3333333333333333,0.6666666666666666,0.3333333333333333,0.0,0.3333333333333333,0.3333333333333333,0.3333333333333333,0.3333333333333333,0.3333333333333333,0.3333333333333333,0.3333333333333333,0.3333333333333333,0.3333333333333333,0.0,0.3333333333333333,0.6666666666666666,0.0,0.3333333333333333
7,True,False,False,False,True,True,False,0.22222222222222232,0.8,0.0,0.3333333333333333,0.3333333333333333,0.6666666666666666,0.3333333333333333,0.3333333333333333,0.3333333333333333,0.3333333333333333,0.3333333333333333,0.0,0.3333333333333333,0.3333333333333333,0.3333333333333333,0.3333333333333333,0.3333333333333333,0.3333333333333333,0.3333333333333333,0.0,0.6666666666666666,0.3333333333333333,0.0,0.0
7,False,True,False,False,True,True,False,0.22222222222222232,0.8,0.0,0.3333333333333333,0.3333333333333333,0.6666666666666666,0.3333333333333333,0.3333333333333333,0.3333333333333333,0.3333333333333333,0.3333333333333333,0.0,0.3333333333333333,0.3333333333333333,0.3333333333333333,0.3333333333333333,0.3333333333333333,0.3333333333333333,0.3333333333333333,0.0,0.6666666666666666,0.3333333333333333,0.0,0.0
8,True,False,False,False,True,True,False,0.2962962962962963,0.8,0.0,0.6666666666666666,0.6666666666666666,0.6666666666666666,0.3333333333333333,0.3333333333333333,0.6666666666666666,0.0,0.6666666666666666,0.3333333333333333,1.0,0.0,0.6666666666666666,1.0,0.6666666666666666,0.3333333333333333,0.3333333333333333,0.0,0.6666666666666666,0.3333333333333333,0.6666666666666666,1.0
8,True,False,False,False,True,True,False,0.2962962962962963,0.8,0.0,0.6666666666666666,0.6666666666666666,0.6666666666666666,0.3333333333333333,0.3333333333333333,0.6666666666666666,0.0,0.6666666666666666,0.3333333333333333,1.0,0.0,0.6666666666666666,1.0,0.6666666666666666,0.3333333333333333,0.3333333333333333,0.0,0.6666666666666666,0.3333333333333333,0.6666666666666666,1.0
9,True,False,False,False,True,True,False,0.22222222222222232,0.0,0.0,0.3333333333333333,0.3333333333333333,0.3333333333333333,0.6666666666666666,0.6666666666666666,1.0,0.3333333333333333,1.0,1.0,0.0,0.6666666666666666,0.6666666666666666,0.0,1.0,0.6666666666666666,0.0,0.6666666666666666,1.0,0.6666666666666666,1.0,0.0
9,True,False,False,False,True,True,False,0.22222222222222232,0.0,0.0,0.3333333333333333,0.3333333333333333,0.3333333333333333,0.6666666666666666,0.6666666666666666,1.0,0.3333333333333333,1.0,1.0,0.0,0.6666666666666666,0.6666666666666666,0.0,1.0,0.6666666666666666,0.0,0.6666666666666666,1.0,0.6666666666666666,1.0,0.0
10,True,False,False,False,True,True,False,0.18518518518518523,0.8,0.0,0.6666666666666666,0.0,0.3333333333333333,0.3333333333333333,0.6666666666666666,0.3333333333333333,0.0,0.6666666666666666,0.0,0.3333333333333333,0.6666666666666666,0.3333333333333333,0.6666666666666666,0.3333333333333333,0.3333333333333333,0.3333333333333333,0.3333333333333333,0.3333333333333333,0.3333333333333333,0.0,0.3333333333333333
10,True,False,False,False,True,False,True,0.18518518518518523,0.8,0.0,0.6666666666666666,0.0,0.3333333333333333,0.3333333333333333,0.6666666666666666,0.3333333333333333,0.0,0.6666666666666666,0.0,0.3333333333333333,0.6666666666666666,0.3333333333333333,0.6666666666666666,0.3333333333333333,0.3333333333333333,0.3333333333333333,0.3333333333333333,0.3333333333333333,0.3333333333333333,0.0,0.3333333333333333
11,False,True,False,False,True,True,False,0.18518518518518523,0.8,0.0,0.0,0.0,0.0,0.0,0.3333333333333333,0.0,0.0,0.0,0.0,0.3333333333333333,0.0,0.0,0.0,0.0,0.0,0.0,0.0,0.0,0.0,0.0,0.0
11,True,False,False,False,True,True,False,0.18518518518518523,0.8,0.0,0.0,0.0,0.0,0.0,0.3333333333333333,0.0,0.0,0.0,0.0,0.3333333333333333,0.0,0.0,0.0,0.0,0.0,0.0,0.0,0.0,0.0,0.0,0.0
12,True,False,False,False,True,True,False,0.2962962962962963,0.8,0.0,0.3333333333333333,0.0,0.3333333333333333,0.0,0.3333333333333333,0.3333333333333333,0.0,0.0,0.6666666666666666,0.0,0.0,0.3333333333333333,0.3333333333333333,0.0,0.0,0.0,0.3333333333333333,0.6666666666666666,0.3333333333333333,0.0,0.0
12,True,False,False,False,True,False,True,0.2962962962962963,0.8,0.0,0.3333333333333333,0.0,0.3333333333333333,0.0,0.3333333333333333,0.3333333333333333,0.0,0.0,0.6666666666666666,0.0,0.0,0.3333333333333333,0.3333333333333333,0.0,0.0,0.0,0.3333333333333333,0.6666666666666666,0.3333333333333333,0.0,0.0
13,True,False,False,False,True,True,False,0.18518518518518523,1.0,0.0,0.6666666666666666,0.3333333333333333,0.3333333333333333,0.3333333333333333,0.3333333333333333,0.3333333333333333,0.3333333333333333,0.3333333333333333,0.3333333333333333,0.3333333333333333,0.3333333333333333,0.3333333333333333,0.3333333333333333,0.3333333333333333,0.3333333333333333,0.3333333333333333,0.3333333333333333,0.3333333333333333,0.3333333333333333,0.3333333333333333,0.3333333333333333
13,True,False,False,False,True,False,True,0.18518518518518523,1.0,0.0,0.6666666666666666,0.3333333333333333,0.3333333333333333,0.3333333333333333,0.3333333333333333,0.3333333333333333,0.3333333333333333,0.3333333333333333,0.3333333333333333,0.3333333333333333,0.3333333333333333,0.3333333333333333,0.3333333333333333,0.3333333333333333,0.3333333333333333,0.3333333333333333,0.3333333333333333,0.3333333333333333,0.3333333333333333,0.3333333333333333,0.3333333333333333
14,True,False,False,False,True,True,False,0.11111111111111116,0.0,0.0,0.3333333333333333,0.3333333333333333,0.0,0.3333333333333333,0.3333333333333333,0.0,0.3333333333333333,0.6666666666666666,0.3333333333333333,0.0,1.0,0.6666666666666666,0.0,0.3333333333333333,0.3333333333333333,0.0,0.0,0.3333333333333333,0.3333333333333333,0.0,0.0
14,False,True,False,False,True,False,True,0.11111111111111116,0.0,0.0,0.3333333333333333,0.3333333333333333,0.0,0.3333333333333333,0.3333333333333333,0.0,0.3333333333333333,0.6666666666666666,0.3333333333333333,0.0,1.0,0.6666666666666666,0.0,0.3333333333333333,0.3333333333333333,0.0,0.0,0.3333333333333333,0.3333333333333333,0.0,0.0
15,True,False,False,False,True,True,False,0.07407407407407418,0.0,0.0,0.3333333333333333,0.0,0.0,0.6666666666666666,0.0,0.0,0.3333333333333333,0.0,0.0,0.0,0.3333333333333333,0.3333333333333333,0.0,0.0,0.6666666666666666,0.0,0.0,1.0,0.3333333333333333,0.3333333333333333,0.0
15,True,False,False,False,True,True,False,0.07407407407407418,0.0,0.0,0.3333333333333333,0.0,0.0,0.6666666666666666,0.0,0.0,0.3333333333333333,0.0,0.0,0.0,0.3333333333333333,0.3333333333333333,0.0,0.0,0.6666666666666666,0.0,0.0,1.0,0.3333333333333333,0.3333333333333333,0.0
16,True,False,False,False,True,True,False,0.07407407407407418,0.0,0.0,0.3333333333333333,0.3333333333333333,1.0,1.0,1.0,1.0,1.0,1.0,1.0,1.0,1.0,1.0,1.0,1.0,1.0,0.6666666666666666,1.0,1.0,1.0,0.6666666666666666,1.0
16,True,False,False,False,True,True,False,0.07407407407407418,0.0,0.0,0.3333333333333333,0.3333333333333333,1.0,1.0,1.0,1.0,1.0,1.0,1.0,1.0,1.0,1.0,1.0,1.0,1.0,0.6666666666666666,1.0,1.0,1.0,0.6666666666666666,1.0
17,True,False,False,False,True,True,False,0.03703703703703709,0.0,0.0,0.6666666666666666,0.3333333333333333,0.3333333333333333,0.3333333333333333,0.0,1.0,0.6666666666666666,1.0,1.0,0.3333333333333333,1.0,1.0,0.3333333333333333,0.6666666666666666,0.3333333333333333,0.0,0.3333333333333333,1.0,0.3333333333333333,0.6666666666666666,0.6666666666666666
17,True,False,False,False,True,True,False,0.03703703703703709,0.0,0.0,0.6666666666666666,0.3333333333333333,0.3333333333333333,0.3333333333333333,0.0,1.0,0.6666666666666666,1.0,1.0,0.3333333333333333,1.0,1.0,0.3333333333333333,0.6666666666666666,0.3333333333333333,0.0,0.3333333333333333,1.0,0.3333333333333333,0.6666666666666666,0.6666666666666666
18,True,False,False,False,True,True,False,0.07407407407407418,0.0,0.0,0.3333333333333333,0.3333333333333333,0.0,0.3333333333333333,0.3333333333333333,0.6666666666666666,0.6666666666666666,0.6666666666666666,1.0,0.3333333333333333,0.6666666666666666,0.6666666666666666,0.3333333333333333,0.6666666666666666,0.6666666666666666,0.3333333333333333,0.6666666666666666,0.6666666666666666,0.3333333333333333,0.3333333333333333,0.3333333333333333
18,True,False,False,False,True,True,False,0.07407407407407418,0.0,0.0,0.3333333333333333,0.3333333333333333,0.0,0.3333333333333333,0.3333333333333333,0.6666666666666666,0.6666666666666666,0.6666666666666666,1.0,0.3333333333333333,0.6666666666666666,0.6666666666666666,0.3333333333333333,0.6666666666666666,0.6666666666666666,0.3333333333333333,0.6666666666666666,0.6666666666666666,0.3333333333333333,0.3333333333333333,0.3333333333333333
19,True,False,False,False,True,True,False,0.0,0.0,0.0,0.3333333333333333,0.0,0.0,0.0,0.3333333333333333,0.3333333333333333,0.6666666666666666,1.0,0.3333333333333333,0.3333333333333333,0.3333333333333333,0.3333333333333333,0.0,0.3333333333333333,0.0,0.3333333333333333,0.3333333333333333,0.3333333333333333,0.0,0.6666666666666666,0.0
19,True,False,False,False,True,True,False,0.0,0.0,0.0,0.3333333333333333,0.0,0.0,0.0,0.3333333333333333,0.3333333333333333,0.6666666666666666,1.0,0.3333333333333333,0.3333333333333333,0.3333333333333333,0.3333333333333333,0.0,0.3333333333333333,0.0,0.3333333333333333,0.3333333333333333,0.3333333333333333,0.0,0.6666666666666666,0.0
20,True,False,False,True,False,True,False,0.4814814814814816,0.0,0.0,0.6666666666666666,0.6666666666666666,0.3333333333333333,0.3333333333333333,0.3333333333333333,0.6666666666666666,0.6666666666666666,0.6666666666666666,0.6666666666666666,0.3333333333333333,0.6666666666666666,0.3333333333333333,0.3333333333333333,0.3333333333333333,0.6666666666666666,0.3333333333333333,0.3333333333333333,0.6666666666666666,0.6666666666666666,0.6666666666666666,0.3333333333333333
20,True,False,False,False,True,True,False,0.4814814814814816,0.0,0.0,0.6666666666666666,0.6666666666666666,0.3333333333333333,0.3333333333333333,0.3333333333333333,0.6666666666666666,0.6666666666666666,0.6666666666666666,0.6666666666666666,0.3333333333333333,0.6666666666666666,0.3333333333333333,0.3333333333333333,0.3333333333333333,0.6666666666666666,0.3333333333333333,0.3333333333333333,0.6666666666666666,0.6666666666666666,0.6666666666666666,0.3333333333333333
21,True,False,False,False,True,True,False,0.22222222222222232,0.0,0.0,0.6666666666666666,0.6666666666666666,0.3333333333333333,1.0,0.6666666666666666,0.6666666666666666,0.6666666666666666,0.6666666666666666,1.0,0.6666666666666666,0.6666666666666666,0.6666666666666666,0.6666666666666666,0.3333333333333333,0.6666666666666666,0.6666666666666666,0.6666666666666666,0.3333333333333333,1.0,1.0,0.3333333333333333
21,True,False,False,False,True,True,False,0.22222222222222232,0.0,0.0,0.6666666666666666,0.6666666666666666,0.3333333333333333,1.0,0.6666666666666666,0.6666666666666666,0.6666666666666666,0.6666666666666666,1.0,0.6666666666666666,0.6666666666666666,0.6666666666666666,0.6666666666666666,0.3333333333333333,0.6666666666666666,0.6666666666666666,0.6666666666666666,0.3333333333333333,1.0,1.0,0.3333333333333333
22,True,False,False,False,True,True,False,0.11111111111111116,0.0,0.0,0.6666666666666666,0.3333333333333333,0.3333333333333333,0.3333333333333333,1.0,0.3333333333333333,1.0,0.6666666666666666,0.6666666666666666,1.0,1.0,1.0,0.3333333333333333,0.3333333333333333,0.6666666666666666,0.3333333333333333,1.0,1.0,1.0,1.0,0.0
22,False,True,False,False,True,True,False,0.11111111111111116,0.0,0.0,0.6666666666666666,0.3333333333333333,0.3333333333333333,0.3333333333333333,1.0,0.3333333333333333,1.0,0.6666666666666666,0.6666666666666666,1.0,1.0,1.0,0.3333333333333333,0.3333333333333333,0.6666666666666666,0.3333333333333333,1.0,1.0,1.0,1.0,0.0
23,True,False,False,False,True,True,False,0.07407407407407418,0.4,0.0,0.6666666666666666,0.3333333333333333,0.3333333333333333,0.3333333333333333,0.3333333333333333,0.3333333333333333,0.0,0.3333333333333333,0.3333333333333333,0.0,0.3333333333333333,0.3333333333333333,0.3333333333333333,0.3333333333333333,0.3333333333333333,0.0,0.6666666666666666,1.0,0.6666666666666666,0.3333333333333333,0.3333333333333333
23,False,True,False,False,True,True,False,0.07407407407407418,0.4,0.0,0.6666666666666666,0.3333333333333333,0.3333333333333333,0.3333333333333333,0.3333333333333333,0.3333333333333333,0.0,0.3333333333333333,0.3333333333333333,0.0,0.3333333333333333,0.3333333333333333,0.3333333333333333,0.3333333333333333,0.3333333333333333,0.0,0.6666666666666666,1.0,0.6666666666666666,0.3333333333333333,0.3333333333333333
24,True,False,False,False,True,True,False,0.0,0.0,0.0,1.0,0.6666666666666666,0.3333333333333333,1.0,0.6666666666666666,0.6666666666666666,1.0,1.0,1.0,0.0,0.6666666666666666,1.0,0.6666666666666666,0.3333333333333333,1.0,0.3333333333333333,0.3333333333333333,0.6666666666666666,1.0,1.0,0.3333333333333333
24,False,True,False,False,True,True,False,0.0,0.0,0.0,1.0,0.6666666666666666,0.3333333333333333,1.0,0.6666666666666666,0.6666666666666666,1.0,1.0,1.0,0.0,0.6666666666666666,1.0,0.6666666666666666,0.3333333333333333,1.0,0.3333333333333333,0.3333333333333333,0.6666666666666666,1.0,1.0,0.3333333333333333
25,True,False,False,False,True,True,False,0.03703703703703709,0.0,0.0,0.6666666666666666,0.3333333333333333,0.0,0.6666666666666666,0.6666666666666666,1.0,0.3333333333333333,1.0,1.0,0.6666666666666666,1.0,1.0,0.3333333333333333,1.0,1.0,0.3333333333333333,0.3333333333333333,1.0,1.0,1.0,0.0
25,True,False,False,False,True,True,False,0.03703703703703709,0.0,0.0,0.6666666666666666,0.3333333333333333,0.0,0.6666666666666666,0.6666666666666666,1.0,0.3333333333333333,1.0,1.0,0.6666666666666666,1.0,1.0,0.3333333333333333,1.0,1.0,0.3333333333333333,0.3333333333333333,1.0,1.0,1.0,0.0
26,True,False,False,False,True,True,False,0.03703703703703709,0.0,0.0,0.0,0.0,0.0,0.0,0.3333333333333333,0.0,0.3333333333333333,0.0,0.0,0.0,0.3333333333333333,0.3333333333333333,0.0,0.0,0.0,0.0,0.0,0.0,0.0,0.3333333333333333,0.0
26,True,False,False,False,True,True,False,0.03703703703703709,0.0,0.0,0.0,0.0,0.0,0.0,0.3333333333333333,0.0,0.3333333333333333,0.0,0.0,0.0,0.3333333333333333,0.3333333333333333,0.0,0.0,0.0,0.0,0.0,0.0,0.0,0.3333333333333333,0.0
27,True,False,False,False,True,True,False,0.11111111111111116,0.4,0.0,0.0,0.3333333333333333,0.0,0.0,0.3333333333333333,0.3333333333333333,0.3333333333333333,0.0,0.3333333333333333,0.0,0.3333333333333333,0.3333333333333333,0.3333333333333333,0.0,0.0,0.0,0.0,0.3333333333333333,0.3333333333333333,0.0,0.0
27,True,False,False,False,True,True,False,0.11111111111111116,0.4,0.0,0.0,0.3333333333333333,0.0,0.0,0.3333333333333333,0.3333333333333333,0.3333333333333333,0.0,0.3333333333333333,0.0,0.3333333333333333,0.3333333333333333,0.3333333333333333,0.0,0.0,0.0,0.0,0.3333333333333333,0.3333333333333333,0.0,0.0
28,True,False,False,False,True,True,False,0.0,0.0,0.0,0.3333333333333333,0.0,0.0,0.3333333333333333,0.3333333333333333,0.3333333333333333,0.3333333333333333,0.0,0.3333333333333333,0.0,0.3333333333333333,0.3333333333333333,0.0,0.0,0.3333333333333333,0.0,0.0,0.3333333333333333,0.3333333333333333,0.3333333333333333,0.0
28,True,False,False,False,True,False,True,0.0,0.0,0.0,0.3333333333333333,0.0,0.0,0.3333333333333333,0.3333333333333333,0.3333333333333333,0.3333333333333333,0.0,0.3333333333333333,0.0,0.3333333333333333,0.3333333333333333,0.0,0.0,0.3333333333333333,0.0,0.0,0.3333333333333333,0.3333333333333333,0.3333333333333333,0.0
29,True,False,False,False,True,True,False,0.4444444444444444,0.4,0.0,0.3333333333333333,0.6666666666666666,0.3333333333333333,0.6666666666666666,0.3333333333333333,1.0,0.3333333333333333,0.6666666666666666,0.6666666666666666,0.3333333333333333,1.0,0.6666666666666666,0.6666666666666666,0.3333333333333333,0.6666666666666666,0.3333333333333333,0.3333333333333333,0.6666666666666666,1.0,1.0,0.6666666666666666
29,True,False,False,False,True,False,True,0.4444444444444444,0.4,0.0,0.3333333333333333,0.6666666666666666,0.3333333333333333,0.6666666666666666,0.3333333333333333,1.0,0.3333333333333333,0.6666666666666666,0.6666666666666666,0.3333333333333333,1.0,0.6666666666666666,0.6666666666666666,0.3333333333333333,0.6666666666666666,0.3333333333333333,0.3333333333333333,0.6666666666666666,1.0,1.0,0.6666666666666666
30,True,False,False,False,True,True,False,0.11111111111111116,0.0,0.0,0.3333333333333333,0.6666666666666666,0.0,0.3333333333333333,1.0,0.3333333333333333,0.6666666666666666,1.0,0.3333333333333333,0.0,1.0,1.0,0.3333333333333333,0.0,0.3333333333333333,0.0,0.3333333333333333,0.6666666666666666,0.3333333333333333,0.6666666666666666,0.3333333333333333
30,True,False,False,False,True,True,False,0.11111111111111116,0.0,0.0,0.3333333333333333,0.6666666666666666,0.0,0.3333333333333333,1.0,0.3333333333333333,0.6666666666666666,1.0,0.3333333333333333,0.0,1.0,1.0,0.3333333333333333,0.0,0.3333333333333333,0.0,0.3333333333333333,0.6666666666666666,0.3333333333333333,0.6666666666666666,0.3333333333333333
31,True,False,False,False,True,True,False,0.03703703703703709,0.0,0.0,0.6666666666666666,0.6666666666666666,0.3333333333333333,1.0,1.0,0.6666666666666666,0.6666666666666666,1.0,1.0,0.3333333333333333,0.6666666666666666,0.6666666666666666,0.6666666666666666,0.3333333333333333,0.6666666666666666,0.3333333333333333,0.3333333333333333,1.0,1.0,0.6666666666666666,0.3333333333333333
31,True,False,False,False,True,False,True,0.03703703703703709,0.0,0.0,0.6666666666666666,0.6666666666666666,0.3333333333333333,1.0,1.0,0.6666666666666666,0.6666666666666666,1.0,1.0,0.3333333333333333,0.6666666666666666,0.6666666666666666,0.6666666666666666,0.3333333333333333,0.6666666666666666,0.3333333333333333,0.3333333333333333,1.0,1.0,0.6666666666666666,0.3333333333333333
32,True,False,False,False,True,False,True,0.14814814814814814,0.4,0.0,0.3333333333333333,0.3333333333333333,0.3333333333333333,0.6666666666666666,0.6666666666666666,0.3333333333333333,0.6666666666666666,0.3333333333333333,1.0,0.3333333333333333,0.6666666666666666,0.6666666666666666,0.3333333333333333,0.0,0.3333333333333333,0.3333333333333333,0.3333333333333333,0.3333333333333333,0.3333333333333333,0.3333333333333333,0.3333333333333333
32,True,False,False,False,True,True,False,0.14814814814814814,0.4,0.0,0.3333333333333333,0.3333333333333333,0.3333333333333333,0.6666666666666666,0.6666666666666666,0.3333333333333333,0.6666666666666666,0.3333333333333333,1.0,0.3333333333333333,0.6666666666666666,0.6666666666666666,0.3333333333333333,0.0,0.3333333333333333,0.3333333333333333,0.3333333333333333,0.3333333333333333,0.3333333333333333,0.3333333333333333,0.3333333333333333
33,True,False,False,False,True,True,False,0.11111111111111116,0.4,0.0,0.0,0.3333333333333333,0.0,0.3333333333333333,0.6666666666666666,0.0,0.3333333333333333,0.6666666666666666,0.3333333333333333,0.3333333333333333,0.0,0.3333333333333333,0.3333333333333333,0.3333333333333333,0.0,0.3333333333333333,0.0,0.3333333333333333,0.3333333333333333,0.3333333333333333,0.0
33,True,False,False,True,False,False,True,0.11111111111111116,0.4,0.0,0.0,0.3333333333333333,0.0,0.3333333333333333,0.6666666666666666,0.0,0.3333333333333333,0.6666666666666666,0.3333333333333333,0.3333333333333333,0.0,0.3333333333333333,0.3333333333333333,0.3333333333333333,0.0,0.3333333333333333,0.0,0.3333333333333333,0.3333333333333333,0.3333333333333333,0.0
34,True,False,False,False,True,True,False,0.11111111111111116,0.4,0.0,0.6666666666666666,0.6666666666666666,0.0,0.6666666666666666,0.0,0.6666666666666666,0.6666666666666666,0.6666666666666666,0.3333333333333333,0.0,1.0,0.6666666666666666,0.0,0.0,0.0,0.0,0.0,0.6666666666666666,0.0,0.0,0.0
34,False,True,False,False,True,True,False,0.11111111111111116,0.4,0.0,0.6666666666666666,0.6666666666666666,0.0,0.6666666666666666,0.0,0.6666666666666666,0.6666666666666666,0.6666666666666666,0.3333333333333333,0.0,1.0,0.6666666666666666,0.0,0.0,0.0,0.0,0.0,0.6666666666666666,0.0,0.0,0.0
35,True,False,False,False,True,True,False,0.03703703703703709,0.0,0.0,0.3333333333333333,0.0,0.3333333333333333,0.3333333333333333,0.6666666666666666,0.6666666666666666,1.0,0.6666666666666666,0.3333333333333333,0.3333333333333333,0.3333333333333333,0.6666666666666666,0.0,0.6666666666666666,0.0,0.3333333333333333,0.6666666666666666,1.0,1.0,0.3333333333333333,0.3333333333333333
35,True,False,False,False,True,True,False,0.03703703703703709,0.0,0.0,0.3333333333333333,0.0,0.3333333333333333,0.3333333333333333,0.6666666666666666,0.6666666666666666,1.0,0.6666666666666666,0.3333333333333333,0.3333333333333333,0.3333333333333333,0.6666666666666666,0.0,0.6666666666666666,0.0,0.3333333333333333,0.6666666666666666,1.0,1.0,0.3333333333333333,0.3333333333333333
36,True,False,False,False,True,True,False,0.8888888888888888,0.4,0.0,0.6666666666666666,0.3333333333333333,0.3333333333333333,0.3333333333333333,0.6666666666666666,0.6666666666666666,0.3333333333333333,0.6666666666666666,0.6666666666666666,0.3333333333333333,1.0,1.0,0.6666666666666666,0.6666666666666666,0.6666666666666666,0.3333333333333333,0.0,1.0,0.6666666666666666,0.3333333333333333,0.3333333333333333
36,True,False,False,False,True,True,False,0.8888888888888888,0.4,0.0,0.6666666666666666,0.3333333333333333,0.3333333333333333,0.3333333333333333,0.6666666666666666,0.6666666666666666,0.3333333333333333,0.6666666666666666,0.6666666666666666,0.3333333333333333,1.0,1.0,0.6666666666666666,0.6666666666666666,0.6666666666666666,0.3333333333333333,0.0,1.0,0.6666666666666666,0.3333333333333333,0.3333333333333333
37,True,False,False,False,True,True,False,0.14814814814814814,0.30000000000000004,0.0,1.0,0.6666666666666666,0.0,1.0,0.3333333333333333,0.6666666666666666,1.0,1.0,1.0,0.0,0.6666666666666666,1.0,1.0,0.6666666666666666,1.0,0.3333333333333333,1.0,1.0,1.0,1.0,0.3333333333333333
37,False,True,False,False,True,True,False,0.14814814814814814,0.30000000000000004,0.0,1.0,0.6666666666666666,0.0,1.0,0.3333333333333333,0.6666666666666666,1.0,1.0,1.0,0.0,0.6666666666666666,1.0,1.0,0.6666666666666666,1.0,0.3333333333333333,1.0,1.0,1.0,1.0,0.3333333333333333
38,True,False,False,False,True,True,False,0.18518518518518523,0.30000000000000004,0.0,0.3333333333333333,0.6666666666666666,0.0,0.3333333333333333,0.6666666666666666,0.3333333333333333,0.0,0.3333333333333333,0.0,0.0,0.6666666666666666,0.6666666666666666,0.3333333333333333,0.6666666666666666,0.0,0.3333333333333333,0.0,0.3333333333333333,0.6666666666666666,0.0,0.0
38,True,False,False,False,True,True,False,0.18518518518518523,0.30000000000000004,0.0,0.3333333333333333,0.6666666666666666,0.0,0.3333333333333333,0.6666666666666666,0.3333333333333333,0.0,0.3333333333333333,0.0,0.0,0.6666666666666666,0.6666666666666666,0.3333333333333333,0.6666666666666666,0.0,0.3333333333333333,0.0,0.3333333333333333,0.6666666666666666,0.0,0.0
39,True,False,False,False,True,True,False,0.22222222222222232,0.30000000000000004,0.0,0.6666666666666666,1.0,0.6666666666666666,0.6666666666666666,0.3333333333333333,0.3333333333333333,0.6666666666666666,0.6666666666666666,1.0,0.3333333333333333,0.3333333333333333,0.6666666666666666,1.0,0.3333333333333333,0.3333333333333333,0.6666666666666666,1.0,0.6666666666666666,0.3333333333333333,0.3333333333333333,0.6666666666666666
39,True,False,False,False,True,True,False,0.22222222222222232,0.30000000000000004,0.0,0.6666666666666666,1.0,0.6666666666666666,0.6666666666666666,0.3333333333333333,0.3333333333333333,0.6666666666666666,0.6666666666666666,1.0,0.3333333333333333,0.3333333333333333,0.6666666666666666,1.0,0.3333333333333333,0.3333333333333333,0.6666666666666666,1.0,0.6666666666666666,0.3333333333333333,0.3333333333333333,0.6666666666666666
40,False,True,False,False,True,True,False,0.14814814814814814,0.30000000000000004,0.0,0.3333333333333333,0.0,0.0,0.0,0.3333333333333333,0.0,0.0,0.3333333333333333,0.0,0.3333333333333333,0.3333333333333333,0.6666666666666666,0.3333333333333333,0.3333333333333333,0.0,0.3333333333333333,0.3333333333333333,0.3333333333333333,0.0,0.3333333333333333,0.0
40,True,False,False,True,False,True,False,0.14814814814814814,0.30000000000000004,0.0,0.3333333333333333,0.0,0.0,0.0,0.3333333333333333,0.0,0.0,0.3333333333333333,0.0,0.3333333333333333,0.3333333333333333,0.6666666666666666,0.3333333333333333,0.3333333333333333,0.0,0.3333333333333333,0.3333333333333333,0.3333333333333333,0.0,0.3333333333333333,0.0
41,True,False,False,False,True,True,False,0.11111111111111116,0.30000000000000004,0.0,0.3333333333333333,0.0,0.3333333333333333,1.0,1.0,0.6666666666666666,0.3333333333333333,0.3333333333333333,0.3333333333333333,0.3333333333333333,1.0,0.6666666666666666,0.6666666666666666,1.0,0.3333333333333333,0.3333333333333333,0.3333333333333333,0.6666666666666666,0.6666666666666666,0.6666666666666666,0.3333333333333333
41,False,True,False,False,True,True,False,0.11111111111111116,0.30000000000000004,0.0,0.3333333333333333,0.0,0.3333333333333333,1.0,1.0,0.6666666666666666,0.3333333333333333,0.3333333333333333,0.3333333333333333,0.3333333333333333,1.0,0.6666666666666666,0.6666666666666666,1.0,0.3333333333333333,0.3333333333333333,0.3333333333333333,0.6666666666666666,0.6666666666666666,0.6666666666666666,0.3333333333333333
42,True,False,False,False,True,False,True,0.14814814814814814,0.30000000000000004,0.0,1.0,0.6666666666666666,0.6666666666666666,0.6666666666666666,1.0,1.0,0.3333333333333333,0.6666666666666666,1.0,0.6666666666666666,0.6666666666666666,1.0,0.6666666666666666,1.0,0.6666666666666666,0.6666666666666666,0.6666666666666666,0.6666666666666666,0.3333333333333333,1.0,0.6666666666666666
42,True,False,False,False,True,False,True,0.14814814814814814,0.30000000000000004,0.0,1.0,0.6666666666666666,0.6666666666666666,0.6666666666666666,1.0,1.0,0.3333333333333333,0.6666666666666666,1.0,0.6666666666666666,0.6666666666666666,1.0,0.6666666666666666,1.0,0.6666666666666666,0.6666666666666666,0.6666666666666666,0.6666666666666666,0.3333333333333333,1.0,0.6666666666666666
43,True,False,False,False,True,True,False,0.11111111111111116,0.30000000000000004,0.0,0.6666666666666666,1.0,0.3333333333333333,0.6666666666666666,0.3333333333333333,0.6666666666666666,0.6666666666666666,0.6666666666666666,0.3333333333333333,0.0,0.6666666666666666,1.0,0.3333333333333333,0.3333333333333333,0.3333333333333333,0.3333333333333333,0.3333333333333333,0.3333333333333333,0.6666666666666666,0.3333333333333333,0.0
43,True,False,False,False,True,False,True,0.11111111111111116,0.30000000000000004,0.0,0.6666666666666666,1.0,0.3333333333333333,0.6666666666666666,0.3333333333333333,0.6666666666666666,0.6666666666666666,0.6666666666666666,0.3333333333333333,0.0,0.6666666666666666,1.0,0.3333333333333333,0.3333333333333333,0.3333333333333333,0.3333333333333333,0.3333333333333333,0.3333333333333333,0.6666666666666666,0.3333333333333333,0.0
44,True,False,False,False,True,True,False,0.18518518518518523,0.30000000000000004,0.0,0.3333333333333333,0.3333333333333333,0.0,1.0,0.3333333333333333,0.3333333333333333,0.6666666666666666,0.6666666666666666,1.0,1.0,0.3333333333333333,0.6666666666666666,0.6666666666666666,0.0,0.6666666666666666,0.6666666666666666,0.3333333333333333,1.0,0.6666666666666666,0.3333333333333333,0.6666666666666666
44,True,False,False,False,True,True,False,0.18518518518518523,0.30000000000000004,0.0,0.3333333333333333,0.3333333333333333,0.0,1.0,0.3333333333333333,0.3333333333333333,0.6666666666666666,0.6666666666666666,1.0,1.0,0.3333333333333333,0.6666666666666666,0.6666666666666666,0.0,0.6666666666666666,0.6666666666666666,0.3333333333333333,1.0,0.6666666666666666,0.3333333333333333,0.6666666666666666
45,True,False,False,False,True,True,False,0.03703703703703709,0.0,0.0,0.6666666666666666,0.6666666666666666,0.3333333333333333,0.3333333333333333,0.3333333333333333,0.6666666666666666,0.6666666666666666,0.3333333333333333,0.3333333333333333,0.3333333333333333,0.3333333333333333,0.3333333333333333,0.3333333333333333,0.3333333333333333,0.3333333333333333,0.3333333333333333,0.3333333333333333,0.3333333333333333,0.3333333333333333,0.3333333333333333,0.3333333333333333
45,True,False,False,True,False,True,False,0.03703703703703709,0.0,0.0,0.6666666666666666,0.6666666666666666,0.3333333333333333,0.3333333333333333,0.3333333333333333,0.6666666666666666,0.6666666666666666,0.3333333333333333,0.3333333333333333,0.3333333333333333,0.3333333333333333,0.3333333333333333,0.3333333333333333,0.3333333333333333,0.3333333333333333,0.3333333333333333,0.3333333333333333,0.3333333333333333,0.3333333333333333,0.3333333333333333,0.3333333333333333
46,True,False,False,False,True,True,False,0.0,0.0,0.0,0.6666666666666666,1.0,0.0,0.6666666666666666,0.3333333333333333,1.0,0.3333333333333333,0.0,1.0,1.0,0.3333333333333333,1.0,0.0,1.0,0.3333333333333333,0.0,1.0,0.6666666666666666,1.0,0.6666666666666666,0.0
46,True,False,False,False,True,True,False,0.0,0.0,0.0,0.6666666666666666,1.0,0.0,0.6666666666666666,0.3333333333333333,1.0,0.3333333333333333,0.0,1.0,1.0,0.3333333333333333,1.0,0.0,1.0,0.3333333333333333,0.0,1.0,0.6666666666666666,1.0,0.6666666666666666,0.0
47,False,True,False,False,True,True,False,0.2592592592592593,0.5000000000000001,0.0,0.3333333333333333,0.3333333333333333,0.6666666666666666,0.3333333333333333,1.0,0.3333333333333333,0.6666666666666666,0.6666666666666666,0.3333333333333333,0.3333333333333333,0.6666666666666666,0.6666666666666666,0.6666666666666666,0.3333333333333333,0.3333333333333333,0.6666666666666666,0.6666666666666666,0.6666666666666666,0.6666666666666666,0.3333333333333333,0.6666666666666666
47,True,False,False,False,True,True,False,0.2592592592592593,0.5000000000000001,0.0,0.3333333333333333,0.3333333333333333,0.6666666666666666,0.3333333333333333,1.0,0.3333333333333333,0.6666666666666666,0.6666666666666666,0.3333333333333333,0.3333333333333333,0.6666666666666666,0.6666666666666666,0.6666666666666666,0.3333333333333333,0.3333333333333333,0.6666666666666666,0.6666666666666666,0.6666666666666666,0.6666666666666666,0.3333333333333333,0.6666666666666666
48,True,False,False,False,True,True,False,0.2962962962962963,0.7000000000000001,0.0,0.3333333333333333,0.6666666666666666,0.0,0.6666666666666666,0.3333333333333333,0.6666666666666666,0.6666666666666666,0.6666666666666666,0.6666666666666666,0.0,0.6666666666666666,0.6666666666666666,0.3333333333333333,0.6666666666666666,0.3333333333333333,0.0,0.3333333333333333,0.3333333333333333,0.3333333333333333,0.6666666666666666,0.0
48,True,False,False,False,True,False,True,0.2962962962962963,0.7000000000000001,0.0,0.3333333333333333,0.6666666666666666,0.0,0.6666666666666666,0.3333333333333333,0.6666666666666666,0.6666666666666666,0.6666666666666666,0.6666666666666666,0.0,0.6666666666666666,0.6666666666666666,0.3333333333333333,0.6666666666666666,0.3333333333333333,0.0,0.3333333333333333,0.3333333333333333,0.3333333333333333,0.6666666666666666,0.0
49,True,False,False,False,True,True,False,0.14814814814814814,0.7000000000000001,0.0,0.3333333333333333,0.0,0.0,0.0,0.3333333333333333,0.6666666666666666,0.0,0.3333333333333333,0.0,0.0,0.3333333333333333,1.0,0.0,0.3333333333333333,0.0,0.0,0.0,0.6666666666666666,0.0,0.0,0.0
49,False,True,False,True,False,False,True,0.14814814814814814,0.7000000000000001,0.0,0.3333333333333333,0.0,0.0,0.0,0.3333333333333333,0.6666666666666666,0.0,0.3333333333333333,0.0,0.0,0.3333333333333333,1.0,0.0,0.3333333333333333,0.0,0.0,0.0,0.6666666666666666,0.0,0.0,0.0
50,True,False,False,False,True,True,False,0.2962962962962963,0.8,0.0,0.3333333333333333,0.3333333333333333,0.0,0.0,0.0,0.0,0.3333333333333333,0.3333333333333333,0.3333333333333333,0.0,0.0,0.3333333333333333,0.3333333333333333,0.0,0.0,0.0,0.0,0.3333333333333333,0.0,0.0,0.0
50,True,False,False,False,True,True,False,0.2962962962962963,0.8,0.0,0.3333333333333333,0.3333333333333333,0.0,0.0,0.0,0.0,0.3333333333333333,0.3333333333333333,0.3333333333333333,0.0,0.0,0.3333333333333333,0.3333333333333333,0.0,0.0,0.0,0.0,0.3333333333333333,0.0,0.0,0.0
51,True,False,False,False,True,True,False,0.2592592592592593,0.8,0.0,0.3333333333333333,0.3333333333333333,0.3333333333333333,0.6666666666666666,1.0,1.0,0.3333333333333333,1.0,0.6666666666666666,0.3333333333333333,1.0,1.0,0.6666666666666666,0.3333333333333333,0.6666666666666666,0.6666666666666666,0.3333333333333333,0.6666666666666666,0.6666666666666666,0.3333333333333333,0.3333333333333333
51,True,False,False,False,True,True,False,0.2592592592592593,0.8,0.0,0.3333333333333333,0.3333333333333333,0.3333333333333333,0.6666666666666666,1.0,1.0,0.3333333333333333,1.0,0.6666666666666666,0.3333333333333333,1.0,1.0,0.6666666666666666,0.3333333333333333,0.6666666666666666,0.6666666666666666,0.3333333333333333,0.6666666666666666,0.6666666666666666,0.3333333333333333,0.3333333333333333
52,True,False,False,False,True,True,False,0.07407407407407418,0.1,0.0,1.0,0.3333333333333333,0.3333333333333333,0.6666666666666666,1.0,1.0,0.6666666666666666,1.0,1.0,0.3333333333333333,0.6666666666666666,0.6666666666666666,0.6666666666666666,0.3333333333333333,1.0,0.3333333333333333,0.6666666666666666,1.0,0.6666666666666666,0.6666666666666666,0.3333333333333333
52,True,False,False,False,True,False,True,0.07407407407407418,0.1,0.0,1.0,0.3333333333333333,0.3333333333333333,0.6666666666666666,1.0,1.0,0.6666666666666666,1.0,1.0,0.3333333333333333,0.6666666666666666,0.6666666666666666,0.6666666666666666,0.3333333333333333,1.0,0.3333333333333333,0.6666666666666666,1.0,0.6666666666666666,0.6666666666666666,0.3333333333333333
53,True,False,False,False,True,True,False,0.07407407407407418,0.1,0.0,1.0,1.0,0.3333333333333333,1.0,1.0,0.6666666666666666,1.0,1.0,0.6666666666666666,0.6666666666666666,1.0,1.0,1.0,0.0,1.0,0.3333333333333333,1.0,1.0,1.0,1.0,1.0
53,True,False,False,False,True,False,True,0.07407407407407418,0.1,0.0,1.0,1.0,0.3333333333333333,1.0,1.0,0.6666666666666666,1.0,1.0,0.6666666666666666,0.6666666666666666,1.0,1.0,1.0,0.0,1.0,0.3333333333333333,1.0,1.0,1.0,1.0,1.0
54,True,False,False,False,True,True,False,0.07407407407407418,0.1,0.0,0.6666666666666666,0.3333333333333333,0.6666666666666666,1.0,0.3333333333333333,0.6666666666666666,1.0,1.0,1.0,1.0,0.6666666666666666,1.0,1.0,0.6666666666666666,1.0,0.3333333333333333,0.3333333333333333,1.0,1.0,1.0,0.3333333333333333
54,True,False,False,False,True,True,False,0.07407407407407418,0.1,0.0,0.6666666666666666,0.3333333333333333,0.6666666666666666,1.0,0.3333333333333333,0.6666666666666666,1.0,1.0,1.0,1.0,0.6666666666666666,1.0,1.0,0.6666666666666666,1.0,0.3333333333333333,0.3333333333333333,1.0,1.0,1.0,0.3333333333333333
55,False,False,True,False,True,True,False,0.37037037037037046,0.30000000000000004,0.0,0.6666666666666666,0.6666666666666666,0.3333333333333333,0.6666666666666666,0.6666666666666666,0.3333333333333333,0.6666666666666666,0.6666666666666666,0.6666666666666666,0.6666666666666666,0.6666666666666666,0.6666666666666666,0.6666666666666666,0.6666666666666666,0.6666666666666666,0.3333333333333333,0.3333333333333333,0.6666666666666666,0.6666666666666666,0.6666666666666666,0.6666666666666666
55,False,True,False,False,True,False,True,0.37037037037037046,0.30000000000000004,0.0,0.6666666666666666,0.6666666666666666,0.3333333333333333,0.6666666666666666,0.6666666666666666,0.3333333333333333,0.6666666666666666,0.6666666666666666,0.6666666666666666,0.6666666666666666,0.6666666666666666,0.6666666666666666,0.6666666666666666,0.6666666666666666,0.6666666666666666,0.3333333333333333,0.3333333333333333,0.6666666666666666,0.6666666666666666,0.6666666666666666,0.6666666666666666
56,False,True,False,False,True,False,True,0.11111111111111116,0.5000000000000001,0.0,0.3333333333333333,0.3333333333333333,0.3333333333333333,0.3333333333333333,0.6666666666666666,0.0,0.0,0.6666666666666666,0.3333333333333333,0.3333333333333333,0.0,0.6666666666666666,0.6666666666666666,0.3333333333333333,0.0,0.6666666666666666,0.3333333333333333,0.0,0.3333333333333333,0.3333333333333333,0.3333333333333333
57,True,False,False,False,True,True,False,0.18518518518518523,0.30000000000000004,0.0,0.3333333333333333,0.6666666666666666,0.3333333333333333,0.6666666666666666,1.0,0.6666666666666666,0.6666666666666666,0.6666666666666666,0.0,0.3333333333333333,0.6666666666666666,1.0,0.3333333333333333,0.6666666666666666,0.6666666666666666,0.6666666666666666,0.6666666666666666,0.6666666666666666,1.0,1.0,0.3333333333333333
58,True,False,False,False,True,True,False,0.40740740740740744,0.4,0.0,0.3333333333333333,1.0,0.0,1.0,0.6666666666666666,0.6666666666666666,0.6666666666666666,0.6666666666666666,0.6666666666666666,0.3333333333333333,1.0,1.0,0.6666666666666666,0.6666666666666666,0.6666666666666666,0.6666666666666666,0.0,0.6666666666666666,0.6666666666666666,0.6666666666666666,0.0
59,True,False,False,False,True,True,False,0.40740740740740744,0.6000000000000001,0.0,0.3333333333333333,0.3333333333333333,0.3333333333333333,0.6666666666666666,1.0,0.6666666666666666,0.0,0.3333333333333333,0.6666666666666666,0.0,0.6666666666666666,0.6666666666666666,0.6666666666666666,0.0,0.0,0.0,0.3333333333333333,0.3333333333333333,0.6666666666666666,0.6666666666666666,0.0
60,True,False,False,False,True,True,False,0.2592592592592593,0.6000000000000001,0.0,0.6666666666666666,0.3333333333333333,0.0,0.0,0.6666666666666666,0.3333333333333333,0.0,0.6666666666666666,0.3333333333333333,0.0,0.3333333333333333,0.3333333333333333,0.6666666666666666,0.0,0.0,0.3333333333333333,0.0,0.6666666666666666,0.0,0.0,0.0
61,True,False,False,False,True,True,False,0.22222222222222232,0.4,0.0,0.6666666666666666,0.6666666666666666,1.0,1.0,1.0,1.0,0.6666666666666666,1.0,1.0,1.0,0.6666666666666666,1.0,1.0,0.3333333333333333,1.0,1.0,1.0,1.0,1.0,1.0,1.0
62,False,True,False,False,True,True,False,0.22222222222222232,0.6000000000000001,0.0,0.0,0.0,0.0,0.0,0.0,0.3333333333333333,0.0,0.0,0.0,0.0,0.0,0.0,0.0,0.0,0.0,0.0,0.0,0.0,0.0,0.0,0.0
63,False,True,False,False,True,True,False,0.11111111111111116,0.5000000000000001,0.0,0.6666666666666666,0.0,0.0,0.3333333333333333,0.3333333333333333,0.0,0.0,0.3333333333333333,0.3333333333333333,0.0,0.3333333333333333,0.6666666666666666,0.0,0.3333333333333333,0.0,0.0,0.0,0.0,0.3333333333333333,0.3333333333333333,0.0
64,True,False,False,False,True,True,False,0.40740740740740744,0.20000000000000004,0.0,1.0,0.3333333333333333,0.3333333333333333,0.0,0.3333333333333333,0.3333333333333333,0.6666666666666666,1.0,0.3333333333333333,0.6666666666666666,0.0,0.6666666666666666,0.6666666666666666,0.6666666666666666,0.3333333333333333,0.6666666666666666,0.3333333333333333,0.3333333333333333,0.3333333333333333,0.0,0.3333333333333333
65,False,True,False,False,True,False,True,0.37037037037037046,0.6000000000000001,0.0,0.0,0.6666666666666666,0.3333333333333333,0.0,1.0,0.0,0.6666666666666666,0.0,0.0,1.0,1.0,1.0,0.6666666666666666,0.0,0.3333333333333333,0.6666666666666666,1.0,0.0,1.0,0.0,1.0
66,True,False,False,False,True,True,False,0.18518518518518523,0.6000000000000001,0.0,0.3333333333333333,0.0,0.0,0.3333333333333333,0.3333333333333333,0.3333333333333333,0.0,0.3333333333333333,0.3333333333333333,0.0,0.6666666666666666,0.3333333333333333,0.3333333333333333,0.3333333333333333,0.0,0.0,0.0,0.6666666666666666,0.0,0.3333333333333333,0.0
67,True,False,False,False,True,False,True,0.6666666666666667,0.30000000000000004,0.0,0.3333333333333333,0.3333333333333333,0.0,0.0,0.3333333333333333,0.3333333333333333,0.0,0.0,0.0,0.0,0.6666666666666666,0.3333333333333333,0.0,0.0,0.0,0.0,0.0,0.3333333333333333,0.0,0.0,0.0
68,True,False,False,False,True,False,True,0.2592592592592593,0.1,0.0,0.3333333333333333,0.0,0.3333333333333333,0.0,0.6666666666666666,0.3333333333333333,0.3333333333333333,0.3333333333333333,0.0,0.0,0.3333333333333333,0.3333333333333333,0.3333333333333333,0.0,0.3333333333333333,0.3333333333333333,0.0,0.3333333333333333,0.3333333333333333,0.3333333333333333,0.0
69,True,False,False,False,True,True,False,0.14814814814814814,0.20000000000000004,0.0,0.6666666666666666,0.3333333333333333,0.0,0.3333333333333333,0.3333333333333333,0.6666666666666666,0.3333333333333333,0.6666666666666666,0.6666666666666666,0.3333333333333333,0.6666666666666666,0.6666666666666666,0.0,0.3333333333333333,0.3333333333333333,0.3333333333333333,0.0,0.6666666666666666,0.6666666666666666,0.6666666666666666,0.0
70,True,False,False,False,True,True,False,0.03703703703703709,0.20000000000000004,0.0,0.3333333333333333,0.0,0.0,0.3333333333333333,0.6666666666666666,0.6666666666666666,0.3333333333333333,0.3333333333333333,0.0,0.0,0.6666666666666666,0.6666666666666666,0.3333333333333333,0.3333333333333333,0.0,0.6666666666666666,0.0,0.3333333333333333,0.0,0.3333333333333333,0.0
71,False,True,False,False,True,True,False,0.2592592592592593,0.20000000000000004,1.0,0.0,0.3333333333333333,0.3333333333333333,0.0,0.3333333333333333,0.6666666666666666,0.0,0.3333333333333333,0.0,0.3333333333333333,0.6666666666666666,0.3333333333333333,0.6666666666666666,0.0,0.3333333333333333,0.3333333333333333,0.3333333333333333,0.6666666666666666,0.0,0.0,0.6666666666666666
72,True,False,False,False,True,True,False,0.03703703703703709,0.20000000000000004,0.0,1.0,0.6666666666666666,0.0,0.0,0.6666666666666666,0.6666666666666666,0.0,1.0,1.0,0.0,0.6666666666666666,0.6666666666666666,0.3333333333333333,0.3333333333333333,0.3333333333333333,0.0,0.0,1.0,0.3333333333333333,0.3333333333333333,0.3333333333333333
73,True,False,False,False,True,True,False,0.03703703703703709,0.20000000000000004,0.0,0.3333333333333333,0.3333333333333333,0.0,0.3333333333333333,0.3333333333333333,0.0,0.0,0.6666666666666666,0.6666666666666666,0.0,1.0,1.0,0.0,0.0,0.3333333333333333,0.0,0.3333333333333333,0.6666666666666666,0.0,0.3333333333333333,0.3333333333333333
74,False,True,False,False,True,True,False,0.11111111111111116,0.20000000000000004,0.0,0.0,0.0,0.0,0.0,0.3333333333333333,0.0,0.0,0.0,0.0,0.0,0.3333333333333333,0.3333333333333333,0.0,0.0,0.0,0.0,0.0,0.0,0.0,0.0,0.0
75,True,False,False,False,True,True,False,0.07407407407407418,0.20000000000000004,0.0,0.6666666666666666,0.3333333333333333,0.6666666666666666,0.3333333333333333,0.3333333333333333,0.0,0.0,1.0,0.6666666666666666,0.6666666666666666,0.6666666666666666,0.6666666666666666,0.3333333333333333,0.6666666666666666,0.6666666666666666,0.3333333333333333,0.3333333333333333,0.0,0.0,0.0,0.3333333333333333
76,True,False,False,False,True,True,False,0.03703703703703709,0.20000000000000004,0.0,0.3333333333333333,1.0,0.0,0.6666666666666666,0.6666666666666666,0.6666666666666666,1.0,0.6666666666666666,0.6666666666666666,0.3333333333333333,1.0,0.6666666666666666,0.0,0.3333333333333333,0.3333333333333333,0.3333333333333333,0.6666666666666666,1.0,0.6666666666666666,0.6666666666666666,0.3333333333333333
77,True,False,False,False,True,True,False,0.11111111111111116,0.20000000000000004,0.0,0.6666666666666666,0.3333333333333333,0.3333333333333333,0.6666666666666666,1.0,0.3333333333333333,0.3333333333333333,0.6666666666666666,0.3333333333333333,0.6666666666666666,1.0,0.6666666666666666,1.0,1.0,0.6666666666666666,0.6666666666666666,0.6666666666666666,1.0,1.0,0.6666666666666666,0.6666666666666666
78,True,False,False,False,True,True,False,0.2592592592592593,0.20000000000000004,0.0,0.3333333333333333,0.3333333333333333,0.3333333333333333,0.0,0.3333333333333333,0.3333333333333333,0.6666666666666666,0.6666666666666666,0.6666666666666666,0.6666666666666666,1.0,1.0,1.0,0.3333333333333333,0.3333333333333333,0.3333333333333333,0.6666666666666666,0.6666666666666666,0.6666666666666666,1.0,0.6666666666666666
79,True,False,False,False,True,False,True,0.07407407407407418,0.20000000000000004,0.0,0.6666666666666666,0.6666666666666666,0.6666666666666666,0.3333333333333333,1.0,1.0,0.3333333333333333,1.0,1.0,1.0,1.0,1.0,1.0,0.6666666666666666,0.6666666666666666,1.0,0.6666666666666666,1.0,0.3333333333333333,0.6666666666666666,1.0
80,False,True,False,False,True,True,False,0.37037037037037046,0.20000000000000004,0.0,0.0,0.3333333333333333,0.0,0.0,0.0,0.0,0.0,0.0,0.0,0.0,0.3333333333333333,0.0,0.0,0.3333333333333333,0.0,0.0,0.0,0.0,0.0,0.0,0.0
81,False,True,False,False,True,True,False,0.4814814814814816,0.20000000000000004,0.0,0.3333333333333333,0.0,0.0,0.0,0.6666666666666666,0.0,0.3333333333333333,0.0,0.0,0.3333333333333333,0.3333333333333333,0.6666666666666666,0.3333333333333333,0.3333333333333333,0.0,0.3333333333333333,0.0,0.0,0.0,0.0,0.0
82,True,False,False,False,True,True,False,0.03703703703703709,0.20000000000000004,0.0,0.6666666666666666,0.3333333333333333,0.3333333333333333,0.3333333333333333,0.6666666666666666,0.6666666666666666,0.3333333333333333,0.6666666666666666,0.3333333333333333,0.3333333333333333,0.3333333333333333,0.6666666666666666,0.0,0.3333333333333333,0.3333333333333333,0.3333333333333333,0.6666666666666666,0.6666666666666666,0.3333333333333333,0.3333333333333333,0.0
83,True,False,False,False,True,False,True,1.0,0.20000000000000004,0.0,0.3333333333333333,0.3333333333333333,0.3333333333333333,0.3333333333333333,0.3333333333333333,0.3333333333333333,0.0,0.0,0.3333333333333333,0.0,0.0,0.3333333333333333,0.3333333333333333,0.3333333333333333,0.0,0.0,0.0,0.3333333333333333,0.3333333333333333,0.0,0.0
84,True,False,False,False,True,True,False,0.14814814814814814,0.0,0.0,0.3333333333333333,0.6666666666666666,0.0,0.3333333333333333,0.6666666666666666,0.6666666666666666,0.3333333333333333,0.6666666666666666,0.3333333333333333,0.0,0.3333333333333333,0.3333333333333333,0.0,0.3333333333333333,0.0,0.0,0.0,0.3333333333333333,0.0,0.3333333333333333,0.0
85,True,False,False,False,True,True,False,0.4814814814814816,0.4,0.0,0.3333333333333333,0.6666666666666666,0.3333333333333333,0.3333333333333333,0.0,0.3333333333333333,0.3333333333333333,0.3333333333333333,0.6666666666666666,0.0,0.3333333333333333,0.3333333333333333,0.3333333333333333,0.3333333333333333,0.6666666666666666,0.3333333333333333,0.6666666666666666,0.6666666666666666,0.6666666666666666,0.3333333333333333,0.3333333333333333
86,True,False,False,False,True,True,False,0.07407407407407418,0.0,0.0,0.3333333333333333,0.3333333333333333,0.0,0.3333333333333333,0.6666666666666666,0.6666666666666666,0.0,0.6666666666666666,0.6666666666666666,0.6666666666666666,0.3333333333333333,0.3333333333333333,0.6666666666666666,0.3333333333333333,0.6666666666666666,0.3333333333333333,0.3333333333333333,0.3333333333333333,0.0,1.0,0.0
87,True,False,False,False,True,True,False,0.11111111111111116,0.4,0.0,0.3333333333333333,0.6666666666666666,0.0,0.6666666666666666,0.6666666666666666,0.3333333333333333,0.3333333333333333,0.6666666666666666,0.3333333333333333,0.3333333333333333,0.6666666666666666,0.6666666666666666,0.3333333333333333,0.3333333333333333,0.3333333333333333,0.3333333333333333,0.0,0.6666666666666666,0.6666666666666666,0.3333333333333333,0.0
88,False,True,False,False,True,True,False,0.18518518518518523,0.8,0.0,0.3333333333333333,0.0,0.3333333333333333,0.0,0.6666666666666666,0.0,0.0,0.3333333333333333,0.0,0.0,0.0,0.6666666666666666,0.0,0.6666666666666666,0.0,0.0,0.0,0.0,0.3333333333333333,0.0,0.0
89,True,False,False,False,True,True,False,0.18518518518518523,0.20000000000000004,0.0,1.0,1.0,0.6666666666666666,1.0,1.0,1.0,1.0,1.0,1.0,1.0,1.0,1.0,1.0,1.0,1.0,1.0,1.0,1.0,1.0,1.0,1.0
90,True,False,False,True,False,True,False,0.4814814814814816,0.5000000000000001,0.0,0.3333333333333333,0.0,0.6666666666666666,0.0,0.6666666666666666,1.0,0.6666666666666666,0.3333333333333333,0.0,0.3333333333333333,0.6666666666666666,0.6666666666666666,0.3333333333333333,0.6666666666666666,0.0,0.6666666666666666,0.0,0.3333333333333333,0.0,0.6666666666666666,1.0
91,False,True,False,False,True,True,False,0.14814814814814814,0.20000000000000004,0.0,0.3333333333333333,0.0,0.3333333333333333,0.0,0.3333333333333333,0.3333333333333333,0.6666666666666666,0.6666666666666666,0.0,0.0,0.3333333333333333,0.3333333333333333,0.6666666666666666,0.6666666666666666,0.0,0.3333333333333333,0.3333333333333333,0.6666666666666666,0.0,0.0,0.0
92,True,False,False,False,True,True,False,0.07407407407407418,0.4,0.0,0.3333333333333333,0.3333333333333333,0.0,0.0,0.3333333333333333,0.6666666666666666,0.0,0.3333333333333333,0.0,0.0,0.6666666666666666,0.3333333333333333,0.0,0.0,0.0,0.0,0.0,1.0,0.0,0.3333333333333333,0.0
93,True,False,False,False,True,True,False,0.22222222222222232,0.4,0.0,0.6666666666666666,0.6666666666666666,0.6666666666666666,0.3333333333333333,0.6666666666666666,0.6666666666666666,0.3333333333333333,0.6666666666666666,0.3333333333333333,0.3333333333333333,1.0,0.6666666666666666,0.6666666666666666,0.6666666666666666,0.3333333333333333,0.6666666666666666,0.6666666666666666,1.0,0.3333333333333333,0.6666666666666666,0.6666666666666666
94,False,True,False,False,True,True,False,0.2592592592592593,0.8,0.0,0.6666666666666666,0.0,0.3333333333333333,0.0,0.3333333333333333,0.6666666666666666,0.3333333333333333,0.6666666666666666,0.0,0.3333333333333333,0.6666666666666666,0.6666666666666666,0.0,0.3333333333333333,0.0,0.3333333333333333,0.3333333333333333,0.6666666666666666,0.3333333333333333,0.0,0.0
95,True,False,False,False,True,True,False,0.18518518518518523,0.8,0.0,0.6666666666666666,0.0,0.0,0.6666666666666666,0.3333333333333333,0.3333333333333333,0.3333333333333333,0.6666666666666666,0.6666666666666666,0.0,0.6666666666666666,0.6666666666666666,0.3333333333333333,0.0,0.3333333333333333,0.3333333333333333,0.0,0.3333333333333333,0.6666666666666666,0.0,0.0
96,True,False,False,False,True,True,False,0.07407407407407418,0.20000000000000004,0.0,0.6666666666666666,0.6666666666666666,0.3333333333333333,0.6666666666666666,0.6666666666666666,0.6666666666666666,0.6666666666666666,0.6666666666666666,0.6666666666666666,0.3333333333333333,1.0,1.0,0.6666666666666666,0.3333333333333333,0.6666666666666666,0.3333333333333333,0.3333333333333333,1.0,0.6666666666666666,0.6666666666666666,0.3333333333333333
97,True,False,False,False,True,True,False,0.14814814814814814,0.4,0.0,0.3333333333333333,0.6666666666666666,0.0,0.0,0.3333333333333333,0.3333333333333333,0.0,0.3333333333333333,0.3333333333333333,0.0,0.0,0.0,0.3333333333333333,0.0,0.0,0.3333333333333333,0.0,0.3333333333333333,0.0,0.3333333333333333,0.0
98,False,True,False,False,True,True,False,0.14814814814814814,0.4,0.0,1.0,1.0,0.6666666666666666,1.0,1.0,1.0,1.0,0.6666666666666666,1.0,1.0,1.0,1.0,1.0,0.3333333333333333,0.3333333333333333,0.6666666666666666,1.0,1.0,1.0,1.0,1.0
99,True,False,False,False,True,True,False,0.33333333333333337,0.20000000000000004,0.0,1.0,0.6666666666666666,0.0,1.0,0.3333333333333333,1.0,1.0,1.0,1.0,0.0,1.0,1.0,0.0,0.3333333333333333,1.0,0.3333333333333333,0.0,1.0,1.0,1.0,0.0
100,True,False,False,False,True,True,False,0.03703703703703709,0.20000000000000004,0.0,0.3333333333333333,0.0,0.0,0.0,0.3333333333333333,0.6666666666666666,0.0,0.3333333333333333,0.6666666666666666,0.3333333333333333,1.0,0.6666666666666666,0.0,0.3333333333333333,0.3333333333333333,0.0,0.0,0.3333333333333333,0.0,0.6666666666666666,0.0
101,True,False,False,False,True,True,False,0.14814814814814814,0.4,0.0,0.3333333333333333,0.0,0.0,0.0,0.6666666666666666,0.0,0.0,0.0,0.0,0.6666666666666666,0.0,0.3333333333333333,1.0,0.6666666666666666,0.0,0.6666666666666666,0.0,0.6666666666666666,0.0,0.0,0.0
102,True,False,False,False,True,True,False,0.03703703703703709,0.0,0.0,0.0,0.0,0.0,0.0,0.3333333333333333,0.0,0.0,0.0,0.0,0.0,0.3333333333333333,0.3333333333333333,0.3333333333333333,0.0,0.0,0.3333333333333333,0.0,0.3333333333333333,0.3333333333333333,0.0,0.0
103,True,False,False,False,True,True,False,0.2962962962962963,0.6000000000000001,0.0,0.0,0.0,0.0,0.0,0.0,0.0,0.0,0.0,0.0,0.0,0.0,0.0,0.0,0.0,0.0,0.0,0.0,0.0,0.0,0.0,0.0
104,False,True,False,False,True,False,True,0.18518518518518523,0.4,0.0,0.3333333333333333,0.3333333333333333,0.6666666666666666,0.3333333333333333,0.3333333333333333,0.6666666666666666,0.3333333333333333,0.6666666666666666,0.3333333333333333,0.3333333333333333,0.3333333333333333,0.6666666666666666,1.0,0.6666666666666666,0.3333333333333333,0.3333333333333333,0.0,0.3333333333333333,0.6666666666666666,0.3333333333333333,0.6666666666666666
105,True,False,False,False,True,True,False,0.11111111111111116,0.6000000000000001,0.0,0.3333333333333333,0.0,0.0,0.3333333333333333,0.0,1.0,0.0,0.3333333333333333,0.0,0.3333333333333333,0.3333333333333333,0.3333333333333333,0.3333333333333333,0.0,0.0,0.3333333333333333,0.0,1.0,0.3333333333333333,0.0,0.0
106,False,True,False,False,True,True,False,0.22222222222222232,0.4,0.0,0.6666666666666666,0.0,0.3333333333333333,0.6666666666666666,0.6666666666666666,1.0,0.3333333333333333,0.3333333333333333,0.0,0.3333333333333333,1.0,1.0,1.0,0.6666666666666666,0.0,0.6666666666666666,0.6666666666666666,0.6666666666666666,0.3333333333333333,0.3333333333333333,1.0
107,True,False,False,False,True,True,False,0.22222222222222232,0.4,0.0,0.3333333333333333,0.6666666666666666,0.3333333333333333,0.0,1.0,0.0,0.0,0.6666666666666666,0.6666666666666666,0.3333333333333333,0.3333333333333333,1.0,1.0,0.3333333333333333,0.0,0.3333333333333333,0.3333333333333333,0.3333333333333333,0.0,0.0,0.0
108,True,False,False,False,True,True,False,0.18518518518518523,0.6000000000000001,0.0,0.3333333333333333,0.3333333333333333,0.3333333333333333,0.3333333333333333,0.6666666666666666,0.6666666666666666,0.6666666666666666,0.6666666666666666,0.6666666666666666,1.0,0.0,0.6666666666666666,1.0,0.3333333333333333,0.6666666666666666,0.6666666666666666,1.0,1.0,0.3333333333333333,0.3333333333333333,0.6666666666666666
109,True,False,False,False,True,True,False,0.03703703703703709,0.0,0.0,0.3333333333333333,0.3333333333333333,0.3333333333333333,0.3333333333333333,0.3333333333333333,0.3333333333333333,0.3333333333333333,0.6666666666666666,0.6666666666666666,0.0,0.3333333333333333,0.6666666666666666,0.0,0.0,0.3333333333333333,0.0,0.0,0.6666666666666666,0.3333333333333333,0.6666666666666666,0.0
110,True,False,False,False,True,True,False,0.07407407407407418,0.20000000000000004,0.0,0.3333333333333333,0.6666666666666666,0.0,0.3333333333333333,0.0,0.6666666666666666,0.0,0.3333333333333333,1.0,0.0,0.6666666666666666,0.6666666666666666,0.0,1.0,0.3333333333333333,0.0,0.0,1.0,1.0,1.0,0.0
111,True,False,False,False,True,True,False,0.22222222222222232,0.6000000000000001,0.0,0.6666666666666666,0.3333333333333333,0.3333333333333333,0.6666666666666666,0.3333333333333333,0.6666666666666666,0.3333333333333333,0.6666666666666666,0.3333333333333333,0.0,0.6666666666666666,0.6666666666666666,0.6666666666666666,1.0,0.6666666666666666,0.3333333333333333,0.3333333333333333,0.3333333333333333,0.6666666666666666,0.6666666666666666,0.3333333333333333
112,False,True,False,False,True,True,False,0.03703703703703709,0.0,0.0,1.0,1.0,1.0,0.3333333333333333,1.0,1.0,0.3333333333333333,0.6666666666666666,1.0,1.0,0.3333333333333333,0.6666666666666666,1.0,0.0,0.6666666666666666,0.6666666666666666,1.0,1.0,0.3333333333333333,0.0,1.0
113,True,False,False,True,False,True,False,0.9259259259259258,0.1,1.0,0.3333333333333333,0.3333333333333333,0.0,0.0,0.0,0.3333333333333333,0.0,0.0,0.0,0.0,0.3333333333333333,0.0,0.0,0.0,0.0,0.0,0.0,0.3333333333333333,0.0,0.0,0.0
114,True,False,False,False,True,True,False,0.03703703703703709,0.0,0.0,0.0,0.0,0.0,0.0,0.3333333333333333,0.3333333333333333,0.0,0.0,0.0,0.0,0.3333333333333333,0.0,0.0,0.0,0.0,0.0,0.0,0.0,0.0,0.3333333333333333,0.0
115,True,False,False,False,True,True,False,0.11111111111111116,0.6000000000000001,0.0,0.3333333333333333,0.6666666666666666,0.6666666666666666,1.0,1.0,0.3333333333333333,0.0,0.6666666666666666,0.6666666666666666,0.0,0.3333333333333333,0.6666666666666666,0.3333333333333333,0.0,0.3333333333333333,0.3333333333333333,0.0,1.0,0.3333333333333333,0.3333333333333333,0.0
116,True,False,False,True,False,True,False,0.22222222222222232,0.4,1.0,0.3333333333333333,0.6666666666666666,0.3333333333333333,0.6666666666666666,1.0,0.3333333333333333,0.0,0.3333333333333333,0.6666666666666666,0.3333333333333333,0.6666666666666666,0.6666666666666666,0.3333333333333333,1.0,0.3333333333333333,0.3333333333333333,0.3333333333333333,0.6666666666666666,1.0,0.3333333333333333,0.3333333333333333
117,True,False,False,False,True,True,False,0.4444444444444444,0.8,0.0,0.3333333333333333,0.0,0.0,0.3333333333333333,1.0,0.6666666666666666,0.6666666666666666,0.3333333333333333,1.0,0.0,0.6666666666666666,0.6666666666666666,0.6666666666666666,0.3333333333333333,0.3333333333333333,0.6666666666666666,0.6666666666666666,1.0,0.3333333333333333,0.6666666666666666,0.0
118,False,True,False,False,True,True,False,0.18518518518518523,0.7000000000000001,0.0,0.6666666666666666,0.3333333333333333,0.3333333333333333,0.3333333333333333,0.6666666666666666,0.3333333333333333,0.0,0.6666666666666666,0.0,0.0,0.6666666666666666,0.6666666666666666,0.6666666666666666,0.6666666666666666,0.0,0.3333333333333333,0.6666666666666666,0.6666666666666666,0.3333333333333333,0.6666666666666666,0.3333333333333333
