,Children,Gender&Feminino,Gender&Masculino,Gender&Outro,Marital_Status&Casada(o),Marital_Status&Solteira(o),University&FEMPAR,University&FPP,University&FPS,University&Federal do Paran√° ,University&PUCPR,University&UFPR,University&UFPR ,University&UNICESUMAR,University&UNISUL,University&UNIVALI,University&UNOESTE,University&UP,University&Unicesumar ,University&ufpr,Ocupation&Estudante,Ocupation&Estudante e Trabalho,Age,Grad_Period,S1,A2,D3,A4,D5,S6,A7,S8,A9,D10,S11,S12,D13,S14,A15,D16,D17,S18,A19,A20,D21
0,0,True,False,False,False,True,False,False,False,False,False,False,False,False,False,False,False,True,False,False,True,False,0.03703703703703709,0.0,0.6666666666666666,0.6666666666666666,0.3333333333333333,1.0,1.0,0.6666666666666666,0.6666666666666666,1.0,1.0,0.3333333333333333,0.6666666666666666,0.6666666666666666,0.6666666666666666,0.3333333333333333,0.6666666666666666,0.3333333333333333,0.3333333333333333,1.0,1.0,0.6666666666666666,0.3333333333333333
1,0,True,False,False,False,True,False,False,False,False,False,True,False,False,False,False,False,False,False,False,True,False,0.22222222222222232,0.4,0.6666666666666666,0.6666666666666666,1.0,1.0,1.0,1.0,0.6666666666666666,1.0,1.0,1.0,0.6666666666666666,1.0,1.0,0.3333333333333333,1.0,1.0,1.0,1.0,1.0,1.0,1.0
2,0,True,False,False,False,True,False,False,False,False,False,False,False,False,False,True,False,False,False,False,True,False,0.18518518518518523,0.30000000000000004,0.3333333333333333,0.6666666666666666,0.0,0.3333333333333333,0.6666666666666666,0.3333333333333333,0.0,0.3333333333333333,0.0,0.0,0.6666666666666666,0.6666666666666666,0.3333333333333333,0.6666666666666666,0.0,0.3333333333333333,0.0,0.3333333333333333,0.6666666666666666,0.0,0.0
3,0,True,False,False,False,True,False,False,False,False,False,False,False,False,False,False,False,True,False,False,True,False,0.22222222222222232,0.6000000000000001,0.6666666666666666,0.3333333333333333,0.3333333333333333,0.6666666666666666,0.3333333333333333,0.6666666666666666,0.3333333333333333,0.6666666666666666,0.3333333333333333,0.0,0.6666666666666666,0.6666666666666666,0.6666666666666666,1.0,0.6666666666666666,0.3333333333333333,0.3333333333333333,0.3333333333333333,0.6666666666666666,0.6666666666666666,0.3333333333333333
4,0,True,False,False,False,True,False,False,False,False,False,False,False,False,False,False,False,True,False,False,True,False,0.07407407407407418,0.20000000000000004,0.6666666666666666,0.6666666666666666,0.3333333333333333,0.6666666666666666,0.6666666666666666,0.6666666666666666,0.6666666666666666,0.6666666666666666,0.6666666666666666,0.3333333333333333,1.0,1.0,0.6666666666666666,0.3333333333333333,0.6666666666666666,0.3333333333333333,0.3333333333333333,1.0,0.6666666666666666,0.6666666666666666,0.3333333333333333
5,0,True,False,False,False,True,False,False,False,False,False,False,False,False,True,False,False,False,False,False,True,False,0.11111111111111116,0.0,0.3333333333333333,0.6666666666666666,0.0,0.3333333333333333,1.0,0.3333333333333333,0.6666666666666666,1.0,0.3333333333333333,0.0,1.0,1.0,0.3333333333333333,0.0,0.3333333333333333,0.0,0.3333333333333333,0.6666666666666666,0.3333333333333333,0.6666666666666666,0.3333333333333333
6,0,True,False,False,False,True,False,False,False,False,False,False,False,False,False,False,False,False,False,True,True,False,0.2592592592592593,0.6000000000000001,0.6666666666666666,0.3333333333333333,0.0,0.0,0.6666666666666666,0.3333333333333333,0.0,0.6666666666666666,0.3333333333333333,0.0,0.3333333333333333,0.3333333333333333,0.6666666666666666,0.0,0.0,0.3333333333333333,0.0,0.6666666666666666,0.0,0.0,0.0
7,0,True,False,False,False,True,False,False,False,False,False,False,False,False,False,False,False,True,False,False,True,False,0.03703703703703709,0.20000000000000004,0.3333333333333333,0.0,0.0,0.3333333333333333,0.6666666666666666,0.6666666666666666,0.3333333333333333,0.3333333333333333,0.0,0.0,0.6666666666666666,0.6666666666666666,0.3333333333333333,0.3333333333333333,0.0,0.6666666666666666,0.0,0.3333333333333333,0.0,0.3333333333333333,0.0
8,0,True,False,False,False,True,False,False,False,False,False,False,False,False,True,False,False,False,False,False,True,False,0.11111111111111116,0.0,0.3333333333333333,0.3333333333333333,0.0,0.3333333333333333,0.3333333333333333,0.0,0.3333333333333333,0.6666666666666666,0.3333333333333333,0.0,1.0,0.6666666666666666,0.0,0.3333333333333333,0.3333333333333333,0.0,0.0,0.3333333333333333,0.3333333333333333,0.0,0.0
9,0,True,False,False,False,True,False,False,False,False,False,False,False,False,False,True,False,False,False,False,True,False,0.11111111111111116,0.30000000000000004,0.6666666666666666,1.0,0.3333333333333333,0.6666666666666666,0.3333333333333333,0.6666666666666666,0.6666666666666666,0.6666666666666666,0.3333333333333333,0.0,0.6666666666666666,1.0,0.3333333333333333,0.3333333333333333,0.3333333333333333,0.3333333333333333,0.3333333333333333,0.3333333333333333,0.6666666666666666,0.3333333333333333,0.0
10,0,False,True,False,False,True,False,False,False,False,False,False,False,False,False,False,False,True,False,False,True,False,0.37037037037037046,0.20000000000000004,0.0,0.3333333333333333,0.0,0.0,0.0,0.0,0.0,0.0,0.0,0.0,0.3333333333333333,0.0,0.0,0.3333333333333333,0.0,0.0,0.0,0.0,0.0,0.0,0.0
11,0,True,False,False,False,True,False,False,False,False,False,False,True,False,False,False,False,False,False,False,True,False,0.40740740740740744,0.20000000000000004,1.0,0.3333333333333333,0.3333333333333333,0.0,0.3333333333333333,0.3333333333333333,0.6666666666666666,1.0,0.3333333333333333,0.6666666666666666,0.0,0.6666666666666666,0.6666666666666666,0.6666666666666666,0.3333333333333333,0.6666666666666666,0.3333333333333333,0.3333333333333333,0.3333333333333333,0.0,0.3333333333333333
12,0,True,False,False,False,True,False,False,False,False,False,False,False,False,False,False,False,True,False,False,True,False,0.18518518518518523,0.8,0.6666666666666666,0.0,0.3333333333333333,0.3333333333333333,0.6666666666666666,0.3333333333333333,0.0,0.6666666666666666,0.0,0.3333333333333333,0.6666666666666666,0.3333333333333333,0.6666666666666666,0.3333333333333333,0.3333333333333333,0.3333333333333333,0.3333333333333333,0.3333333333333333,0.3333333333333333,0.0,0.3333333333333333
13,0,True,False,False,False,True,False,False,False,False,False,False,False,False,False,False,False,True,False,False,True,False,0.07407407407407418,0.0,0.3333333333333333,0.3333333333333333,0.0,0.3333333333333333,0.3333333333333333,0.6666666666666666,0.6666666666666666,0.6666666666666666,1.0,0.3333333333333333,0.6666666666666666,0.6666666666666666,0.3333333333333333,0.6666666666666666,0.6666666666666666,0.3333333333333333,0.6666666666666666,0.6666666666666666,0.3333333333333333,0.3333333333333333,0.3333333333333333
14,0,True,False,False,False,True,False,False,False,False,False,False,False,False,False,False,False,True,False,False,True,False,0.07407407407407418,0.20000000000000004,0.6666666666666666,0.3333333333333333,0.6666666666666666,0.3333333333333333,0.3333333333333333,0.0,0.0,1.0,0.6666666666666666,0.6666666666666666,0.6666666666666666,0.6666666666666666,0.3333333333333333,0.6666666666666666,0.6666666666666666,0.3333333333333333,0.3333333333333333,0.0,0.0,0.0,0.3333333333333333
15,0,True,False,False,False,True,False,False,False,False,False,True,False,False,False,False,False,False,False,False,True,False,0.22222222222222232,0.0,0.3333333333333333,0.3333333333333333,0.3333333333333333,0.6666666666666666,0.6666666666666666,1.0,0.3333333333333333,1.0,1.0,0.0,0.6666666666666666,0.6666666666666666,0.0,1.0,0.6666666666666666,0.0,0.6666666666666666,1.0,0.6666666666666666,1.0,0.0
16,0,True,False,False,False,True,False,False,False,False,False,False,False,False,True,False,False,False,False,False,True,False,0.07407407407407418,0.4,0.6666666666666666,0.3333333333333333,0.3333333333333333,0.3333333333333333,0.3333333333333333,0.3333333333333333,0.0,0.3333333333333333,0.3333333333333333,0.0,0.3333333333333333,0.3333333333333333,0.3333333333333333,0.3333333333333333,0.3333333333333333,0.0,0.6666666666666666,1.0,0.6666666666666666,0.3333333333333333,0.3333333333333333
17,0,True,False,False,False,True,False,False,False,False,False,False,False,False,True,False,False,False,False,False,False,True,0.14814814814814814,0.4,0.3333333333333333,0.3333333333333333,0.3333333333333333,0.6666666666666666,0.6666666666666666,0.3333333333333333,0.6666666666666666,0.3333333333333333,1.0,0.3333333333333333,0.6666666666666666,0.6666666666666666,0.3333333333333333,0.0,0.3333333333333333,0.3333333333333333,0.3333333333333333,0.3333333333333333,0.3333333333333333,0.3333333333333333,0.3333333333333333
18,0,True,False,False,False,True,False,False,False,False,False,False,False,False,False,False,False,True,False,False,True,False,0.03703703703703709,0.0,0.3333333333333333,0.3333333333333333,0.3333333333333333,0.3333333333333333,0.3333333333333333,0.3333333333333333,0.3333333333333333,0.6666666666666666,0.6666666666666666,0.0,0.3333333333333333,0.6666666666666666,0.0,0.0,0.3333333333333333,0.0,0.0,0.6666666666666666,0.3333333333333333,0.6666666666666666,0.0
19,0,True,False,False,False,True,False,False,False,False,False,True,False,False,False,False,False,False,False,False,True,False,0.40740740740740744,0.6000000000000001,0.3333333333333333,0.3333333333333333,0.3333333333333333,0.6666666666666666,1.0,0.6666666666666666,0.0,0.3333333333333333,0.6666666666666666,0.0,0.6666666666666666,0.6666666666666666,0.6666666666666666,0.0,0.0,0.0,0.3333333333333333,0.3333333333333333,0.6666666666666666,0.6666666666666666,0.0
20,0,True,False,False,False,True,False,False,False,False,False,False,False,False,False,False,False,True,False,False,True,False,0.07407407407407418,0.4,0.3333333333333333,0.3333333333333333,0.0,0.0,0.3333333333333333,0.6666666666666666,0.0,0.3333333333333333,0.0,0.0,0.6666666666666666,0.3333333333333333,0.0,0.0,0.0,0.0,0.0,1.0,0.0,0.3333333333333333,0.0
21,0,False,True,False,False,True,False,False,False,False,False,False,False,False,False,False,False,True,False,False,True,False,0.4814814814814816,0.20000000000000004,0.3333333333333333,0.0,0.0,0.0,0.6666666666666666,0.0,0.3333333333333333,0.0,0.0,0.3333333333333333,0.3333333333333333,0.6666666666666666,0.3333333333333333,0.3333333333333333,0.0,0.3333333333333333,0.0,0.0,0.0,0.0,0.0
22,0,True,False,False,False,True,False,False,False,False,False,False,False,False,False,False,False,True,False,False,True,False,0.2592592592592593,0.8,0.3333333333333333,0.3333333333333333,0.0,0.3333333333333333,0.3333333333333333,0.0,0.0,0.3333333333333333,0.3333333333333333,0.3333333333333333,0.3333333333333333,0.3333333333333333,0.3333333333333333,0.3333333333333333,0.3333333333333333,0.0,0.0,0.6666666666666666,0.0,0.3333333333333333,0.0
23,0,True,False,False,False,True,False,False,False,False,False,False,False,False,False,False,False,True,False,False,True,False,0.03703703703703709,0.20000000000000004,0.3333333333333333,1.0,0.0,0.6666666666666666,0.6666666666666666,0.6666666666666666,1.0,0.6666666666666666,0.6666666666666666,0.3333333333333333,1.0,0.6666666666666666,0.0,0.3333333333333333,0.3333333333333333,0.3333333333333333,0.6666666666666666,1.0,0.6666666666666666,0.6666666666666666,0.3333333333333333
24,0,True,False,False,False,True,False,False,False,False,False,False,False,False,True,False,False,False,False,False,True,False,0.03703703703703709,0.0,0.6666666666666666,0.3333333333333333,0.3333333333333333,0.3333333333333333,0.0,1.0,0.6666666666666666,1.0,1.0,0.3333333333333333,1.0,1.0,0.3333333333333333,0.6666666666666666,0.3333333333333333,0.0,0.3333333333333333,1.0,0.3333333333333333,0.6666666666666666,0.6666666666666666
25,0,True,False,False,False,True,False,False,False,False,False,False,False,False,False,True,False,False,False,False,True,False,0.11111111111111116,0.30000000000000004,0.3333333333333333,0.0,0.3333333333333333,1.0,1.0,0.6666666666666666,0.3333333333333333,0.3333333333333333,0.3333333333333333,0.3333333333333333,1.0,0.6666666666666666,0.6666666666666666,1.0,0.3333333333333333,0.3333333333333333,0.3333333333333333,0.6666666666666666,0.6666666666666666,0.6666666666666666,0.3333333333333333
26,0,True,False,False,False,True,False,False,False,False,True,False,False,False,False,False,False,False,False,False,True,False,0.2962962962962963,0.6000000000000001,0.0,0.0,0.0,0.0,0.0,0.0,0.0,0.0,0.0,0.0,0.0,0.0,0.0,0.0,0.0,0.0,0.0,0.0,0.0,0.0,0.0
27,0,True,False,False,False,True,False,False,False,False,False,False,False,False,True,False,False,False,False,False,True,False,0.11111111111111116,0.4,0.0,0.3333333333333333,0.0,0.3333333333333333,0.6666666666666666,0.0,0.3333333333333333,0.6666666666666666,0.3333333333333333,0.3333333333333333,0.0,0.3333333333333333,0.3333333333333333,0.3333333333333333,0.0,0.3333333333333333,0.0,0.3333333333333333,0.3333333333333333,0.3333333333333333,0.0
28,0,True,False,False,False,True,False,False,False,False,False,False,False,False,False,True,False,False,False,False,False,True,0.14814814814814814,0.30000000000000004,1.0,0.6666666666666666,0.6666666666666666,0.6666666666666666,1.0,1.0,0.3333333333333333,0.6666666666666666,1.0,0.6666666666666666,0.6666666666666666,1.0,0.6666666666666666,1.0,0.6666666666666666,0.6666666666666666,0.6666666666666666,0.6666666666666666,0.3333333333333333,1.0,0.6666666666666666
29,0,False,True,False,False,True,False,False,False,False,False,False,False,False,False,False,False,True,False,False,True,False,0.18518518518518523,0.8,0.0,0.0,0.0,0.0,0.3333333333333333,0.0,0.0,0.0,0.0,0.3333333333333333,0.0,0.0,0.0,0.0,0.0,0.0,0.0,0.0,0.0,0.0,0.0
30,0,True,False,False,False,True,False,False,False,False,False,False,False,False,True,False,False,False,False,False,True,False,0.0,0.0,0.3333333333333333,0.0,0.0,0.0,0.3333333333333333,0.3333333333333333,0.6666666666666666,1.0,0.3333333333333333,0.3333333333333333,0.3333333333333333,0.3333333333333333,0.0,0.3333333333333333,0.0,0.3333333333333333,0.3333333333333333,0.3333333333333333,0.0,0.6666666666666666,0.0
31,0,True,False,False,False,True,False,False,False,False,False,False,False,False,False,False,False,True,False,False,True,False,0.22222222222222232,0.8,0.3333333333333333,0.3333333333333333,0.6666666666666666,0.3333333333333333,0.3333333333333333,0.3333333333333333,0.3333333333333333,0.3333333333333333,0.0,0.3333333333333333,0.3333333333333333,0.3333333333333333,0.3333333333333333,0.3333333333333333,0.3333333333333333,0.3333333333333333,0.0,0.6666666666666666,0.3333333333333333,0.0,0.0
32,0,True,False,False,False,True,False,False,False,False,False,False,False,False,False,False,False,True,False,False,True,False,0.03703703703703709,0.0,0.6666666666666666,0.6666666666666666,0.3333333333333333,0.3333333333333333,0.3333333333333333,0.6666666666666666,0.6666666666666666,0.3333333333333333,0.3333333333333333,0.3333333333333333,0.3333333333333333,0.3333333333333333,0.3333333333333333,0.3333333333333333,0.3333333333333333,0.3333333333333333,0.3333333333333333,0.3333333333333333,0.3333333333333333,0.3333333333333333,0.3333333333333333
33,0,True,False,False,False,True,False,False,False,False,False,False,False,False,False,False,False,True,False,False,True,False,0.4814814814814816,0.4,0.3333333333333333,0.6666666666666666,0.3333333333333333,0.3333333333333333,0.0,0.3333333333333333,0.3333333333333333,0.3333333333333333,0.6666666666666666,0.0,0.3333333333333333,0.3333333333333333,0.3333333333333333,0.3333333333333333,0.6666666666666666,0.3333333333333333,0.6666666666666666,0.6666666666666666,0.6666666666666666,0.3333333333333333,0.3333333333333333
34,0,False,True,False,False,True,False,False,False,False,False,False,False,False,False,False,False,True,False,False,True,False,0.14814814814814814,0.20000000000000004,0.3333333333333333,0.0,0.3333333333333333,0.0,0.3333333333333333,0.3333333333333333,0.6666666666666666,0.6666666666666666,0.0,0.0,0.3333333333333333,0.3333333333333333,0.6666666666666666,0.6666666666666666,0.0,0.3333333333333333,0.3333333333333333,0.6666666666666666,0.0,0.0,0.0
35,0,False,True,False,False,True,False,False,False,False,False,True,False,False,False,False,False,False,False,False,False,True,0.37037037037037046,0.6000000000000001,0.0,0.6666666666666666,0.3333333333333333,0.0,1.0,0.0,0.6666666666666666,0.0,0.0,1.0,1.0,1.0,0.6666666666666666,0.0,0.3333333333333333,0.6666666666666666,1.0,0.0,1.0,0.0,1.0
36,0,True,False,False,False,True,False,False,False,False,False,False,False,False,False,False,False,False,True,False,True,False,0.07407407407407418,0.1,1.0,0.3333333333333333,0.3333333333333333,0.6666666666666666,1.0,1.0,0.6666666666666666,1.0,1.0,0.3333333333333333,0.6666666666666666,0.6666666666666666,0.6666666666666666,0.3333333333333333,1.0,0.3333333333333333,0.6666666666666666,1.0,0.6666666666666666,0.6666666666666666,0.3333333333333333
37,0,True,False,False,False,True,False,False,False,False,False,False,False,False,False,False,False,True,False,False,False,True,0.07407407407407418,0.20000000000000004,0.6666666666666666,0.6666666666666666,0.6666666666666666,0.3333333333333333,1.0,1.0,0.3333333333333333,1.0,1.0,1.0,1.0,1.0,1.0,0.6666666666666666,0.6666666666666666,1.0,0.6666666666666666,1.0,0.3333333333333333,0.6666666666666666,1.0
38,0,True,False,False,False,True,False,False,False,False,False,False,False,False,False,False,False,True,False,False,True,False,0.14814814814814814,0.20000000000000004,0.6666666666666666,0.3333333333333333,0.0,0.3333333333333333,0.3333333333333333,0.6666666666666666,0.3333333333333333,0.6666666666666666,0.6666666666666666,0.3333333333333333,0.6666666666666666,0.6666666666666666,0.0,0.3333333333333333,0.3333333333333333,0.3333333333333333,0.0,0.6666666666666666,0.6666666666666666,0.6666666666666666,0.0
39,0,True,False,False,False,True,False,False,False,False,False,False,False,False,False,False,False,True,False,False,True,False,0.18518518518518523,0.6000000000000001,0.3333333333333333,0.3333333333333333,0.3333333333333333,0.3333333333333333,0.6666666666666666,0.6666666666666666,0.6666666666666666,0.6666666666666666,0.6666666666666666,1.0,0.0,0.6666666666666666,1.0,0.3333333333333333,0.6666666666666666,0.6666666666666666,1.0,1.0,0.3333333333333333,0.3333333333333333,0.6666666666666666
40,0,True,False,False,False,True,False,False,False,False,False,False,False,False,False,False,False,True,False,False,True,False,0.11111111111111116,0.20000000000000004,0.6666666666666666,0.3333333333333333,0.3333333333333333,0.6666666666666666,1.0,0.3333333333333333,0.3333333333333333,0.6666666666666666,0.3333333333333333,0.6666666666666666,1.0,0.6666666666666666,1.0,1.0,0.6666666666666666,0.6666666666666666,0.6666666666666666,1.0,1.0,0.6666666666666666,0.6666666666666666
41,0,True,False,False,False,True,False,False,False,False,False,False,False,False,True,False,False,False,False,False,True,False,0.0,0.0,1.0,0.6666666666666666,0.3333333333333333,1.0,0.6666666666666666,0.6666666666666666,1.0,1.0,1.0,0.0,0.6666666666666666,1.0,0.6666666666666666,0.3333333333333333,1.0,0.3333333333333333,0.3333333333333333,0.6666666666666666,1.0,1.0,0.3333333333333333
42,0,True,False,False,False,True,False,False,False,False,False,False,False,False,False,False,False,True,False,False,True,False,0.07407407407407418,0.20000000000000004,0.3333333333333333,0.6666666666666666,0.0,0.3333333333333333,0.0,0.6666666666666666,0.0,0.3333333333333333,1.0,0.0,0.6666666666666666,0.6666666666666666,0.0,1.0,0.3333333333333333,0.0,0.0,1.0,1.0,1.0,0.0
43,1,True,False,False,True,False,False,False,False,False,False,False,False,False,False,False,False,True,False,False,True,False,0.22222222222222232,0.4,0.3333333333333333,0.6666666666666666,0.3333333333333333,0.6666666666666666,1.0,0.3333333333333333,0.0,0.3333333333333333,0.6666666666666666,0.3333333333333333,0.6666666666666666,0.6666666666666666,0.3333333333333333,1.0,0.3333333333333333,0.3333333333333333,0.3333333333333333,0.6666666666666666,1.0,0.3333333333333333,0.3333333333333333
44,0,True,False,False,False,True,False,False,False,False,False,False,False,False,False,False,False,True,False,False,True,False,0.2962962962962963,0.8,0.3333333333333333,0.0,0.3333333333333333,0.0,0.3333333333333333,0.3333333333333333,0.0,0.0,0.6666666666666666,0.0,0.0,0.3333333333333333,0.3333333333333333,0.0,0.0,0.0,0.3333333333333333,0.6666666666666666,0.3333333333333333,0.0,0.0
45,0,False,True,False,False,True,False,False,False,False,False,False,False,False,False,False,False,True,False,False,True,False,0.03703703703703709,0.0,1.0,1.0,1.0,0.3333333333333333,1.0,1.0,0.3333333333333333,0.6666666666666666,1.0,1.0,0.3333333333333333,0.6666666666666666,1.0,0.0,0.6666666666666666,0.6666666666666666,1.0,1.0,0.3333333333333333,0.0,1.0
46,0,False,True,False,False,True,False,False,False,False,False,False,False,False,False,False,False,True,False,False,True,False,0.18518518518518523,0.8,0.3333333333333333,0.0,0.3333333333333333,0.0,0.6666666666666666,0.0,0.0,0.3333333333333333,0.0,0.0,0.0,0.6666666666666666,0.0,0.6666666666666666,0.0,0.0,0.0,0.0,0.3333333333333333,0.0,0.0
47,0,False,True,False,False,True,False,False,False,False,False,False,False,False,False,False,False,True,False,False,True,False,0.14814814814814814,0.4,1.0,1.0,0.6666666666666666,1.0,1.0,1.0,1.0,0.6666666666666666,1.0,1.0,1.0,1.0,1.0,0.3333333333333333,0.3333333333333333,0.6666666666666666,1.0,1.0,1.0,1.0,1.0
48,0,True,False,False,False,True,False,False,False,False,False,False,False,False,True,False,False,False,False,False,True,False,0.8888888888888888,0.4,0.6666666666666666,0.3333333333333333,0.3333333333333333,0.3333333333333333,0.6666666666666666,0.6666666666666666,0.3333333333333333,0.6666666666666666,0.6666666666666666,0.3333333333333333,1.0,1.0,0.6666666666666666,0.6666666666666666,0.6666666666666666,0.3333333333333333,0.0,1.0,0.6666666666666666,0.3333333333333333,0.3333333333333333
49,0,True,False,False,False,True,False,False,False,False,False,False,False,False,False,False,False,True,False,False,True,False,0.2962962962962963,0.8,0.6666666666666666,0.6666666666666666,0.6666666666666666,0.3333333333333333,0.3333333333333333,0.6666666666666666,0.0,0.6666666666666666,0.3333333333333333,1.0,0.0,0.6666666666666666,1.0,0.6666666666666666,0.3333333333333333,0.3333333333333333,0.0,0.6666666666666666,0.3333333333333333,0.6666666666666666,1.0
50,0,False,True,False,False,True,False,False,False,False,False,False,False,False,False,False,True,False,False,False,True,False,0.2592592592592593,0.5000000000000001,0.3333333333333333,0.3333333333333333,0.6666666666666666,0.3333333333333333,1.0,0.3333333333333333,0.6666666666666666,0.6666666666666666,0.3333333333333333,0.3333333333333333,0.6666666666666666,0.6666666666666666,0.6666666666666666,0.3333333333333333,0.3333333333333333,0.6666666666666666,0.6666666666666666,0.6666666666666666,0.6666666666666666,0.3333333333333333,0.6666666666666666
51,0,True,False,False,False,True,False,False,False,False,False,False,False,False,False,False,False,True,False,False,True,False,0.22222222222222232,0.4,0.6666666666666666,0.6666666666666666,0.6666666666666666,0.3333333333333333,0.6666666666666666,0.6666666666666666,0.3333333333333333,0.6666666666666666,0.3333333333333333,0.3333333333333333,1.0,0.6666666666666666,0.6666666666666666,0.6666666666666666,0.3333333333333333,0.6666666666666666,0.6666666666666666,1.0,0.3333333333333333,0.6666666666666666,0.6666666666666666
52,0,True,False,False,False,True,False,True,False,False,False,False,False,False,False,False,False,False,False,False,True,False,0.2962962962962963,0.7000000000000001,0.3333333333333333,0.6666666666666666,0.0,0.6666666666666666,0.3333333333333333,0.6666666666666666,0.6666666666666666,0.6666666666666666,0.6666666666666666,0.0,0.6666666666666666,0.6666666666666666,0.3333333333333333,0.6666666666666666,0.3333333333333333,0.0,0.3333333333333333,0.3333333333333333,0.3333333333333333,0.6666666666666666,0.0
53,0,True,False,False,False,True,False,False,False,False,False,False,False,False,True,False,False,False,False,False,True,False,0.07407407407407418,0.0,0.3333333333333333,0.0,0.0,0.6666666666666666,0.0,0.0,0.3333333333333333,0.0,0.0,0.0,0.3333333333333333,0.3333333333333333,0.0,0.0,0.6666666666666666,0.0,0.0,1.0,0.3333333333333333,0.3333333333333333,0.0
54,0,True,False,False,False,True,False,False,False,False,False,False,False,False,False,False,False,True,False,False,True,False,0.14814814814814814,0.4,0.3333333333333333,0.0,0.0,0.0,0.6666666666666666,0.0,0.0,0.0,0.0,0.6666666666666666,0.0,0.3333333333333333,1.0,0.6666666666666666,0.0,0.6666666666666666,0.0,0.6666666666666666,0.0,0.0,0.0
55,0,True,False,False,False,True,False,False,False,False,False,False,False,False,False,False,False,True,False,False,True,False,0.07407407407407418,0.0,0.3333333333333333,0.3333333333333333,0.0,0.3333333333333333,0.6666666666666666,0.6666666666666666,0.0,0.6666666666666666,0.6666666666666666,0.6666666666666666,0.3333333333333333,0.3333333333333333,0.6666666666666666,0.3333333333333333,0.6666666666666666,0.3333333333333333,0.3333333333333333,0.3333333333333333,0.0,1.0,0.0
56,0,False,True,False,False,True,False,False,False,False,False,False,False,False,False,False,False,True,False,False,True,False,0.2592592592592593,0.8,0.6666666666666666,0.0,0.3333333333333333,0.0,0.3333333333333333,0.6666666666666666,0.3333333333333333,0.6666666666666666,0.0,0.3333333333333333,0.6666666666666666,0.6666666666666666,0.0,0.3333333333333333,0.0,0.3333333333333333,0.3333333333333333,0.6666666666666666,0.3333333333333333,0.0,0.0
57,0,True,False,False,False,True,False,False,False,False,False,True,False,False,False,False,False,False,False,False,True,False,0.40740740740740744,0.4,0.3333333333333333,1.0,0.0,1.0,0.6666666666666666,0.6666666666666666,0.6666666666666666,0.6666666666666666,0.6666666666666666,0.3333333333333333,1.0,1.0,0.6666666666666666,0.6666666666666666,0.6666666666666666,0.6666666666666666,0.0,0.6666666666666666,0.6666666666666666,0.6666666666666666,0.0
58,0,True,False,False,False,True,False,False,False,False,False,False,False,False,False,False,False,True,False,False,True,False,0.14814814814814814,0.4,0.3333333333333333,0.6666666666666666,0.0,0.0,0.3333333333333333,0.3333333333333333,0.0,0.3333333333333333,0.3333333333333333,0.0,0.0,0.0,0.3333333333333333,0.0,0.0,0.3333333333333333,0.0,0.3333333333333333,0.0,0.3333333333333333,0.0
59,0,True,False,False,False,True,False,False,False,False,False,False,False,False,False,False,False,True,False,False,True,False,0.0,0.0,0.3333333333333333,0.0,0.0,0.3333333333333333,0.3333333333333333,0.3333333333333333,0.3333333333333333,0.0,0.3333333333333333,0.0,0.3333333333333333,0.3333333333333333,0.0,0.0,0.3333333333333333,0.0,0.0,0.3333333333333333,0.3333333333333333,0.3333333333333333,0.0
60,0,False,True,False,False,True,False,False,False,False,False,False,False,False,False,False,False,True,False,False,True,False,0.18518518518518523,0.8,0.3333333333333333,0.3333333333333333,0.3333333333333333,0.3333333333333333,0.3333333333333333,0.3333333333333333,0.3333333333333333,0.3333333333333333,0.3333333333333333,0.3333333333333333,0.3333333333333333,0.3333333333333333,0.3333333333333333,0.3333333333333333,0.3333333333333333,0.3333333333333333,0.3333333333333333,0.3333333333333333,0.3333333333333333,0.3333333333333333,0.3333333333333333
61,0,True,False,False,False,True,False,False,False,False,False,False,False,False,False,False,False,True,False,False,True,False,0.14814814814814814,0.8,0.3333333333333333,0.6666666666666666,0.3333333333333333,0.3333333333333333,0.3333333333333333,0.3333333333333333,0.3333333333333333,0.3333333333333333,0.3333333333333333,0.0,0.3333333333333333,0.3333333333333333,0.3333333333333333,0.0,0.3333333333333333,0.0,0.3333333333333333,0.3333333333333333,0.3333333333333333,0.3333333333333333,0.0
62,0,True,False,False,False,True,False,False,False,False,False,False,False,False,False,False,False,True,False,False,True,False,0.03703703703703709,0.0,0.0,0.0,0.0,0.0,0.3333333333333333,0.0,0.0,0.0,0.0,0.0,0.3333333333333333,0.3333333333333333,0.3333333333333333,0.0,0.0,0.3333333333333333,0.0,0.3333333333333333,0.3333333333333333,0.0,0.0
63,0,True,False,False,False,True,False,False,False,False,False,False,False,False,True,False,False,False,False,False,True,False,0.03703703703703709,0.0,0.6666666666666666,0.3333333333333333,0.0,0.6666666666666666,0.6666666666666666,1.0,0.3333333333333333,1.0,1.0,0.6666666666666666,1.0,1.0,0.3333333333333333,1.0,1.0,0.3333333333333333,0.3333333333333333,1.0,1.0,1.0,0.0
64,0,True,False,False,False,True,False,False,False,True,False,False,False,False,False,False,False,False,False,False,False,True,0.6666666666666667,0.30000000000000004,0.3333333333333333,0.3333333333333333,0.0,0.0,0.3333333333333333,0.3333333333333333,0.0,0.0,0.0,0.0,0.6666666666666666,0.3333333333333333,0.0,0.0,0.0,0.0,0.0,0.3333333333333333,0.0,0.0,0.0
65,0,True,False,False,False,True,False,False,False,False,False,False,False,False,False,False,False,True,False,False,True,False,0.11111111111111116,0.6000000000000001,0.3333333333333333,0.0,0.0,0.3333333333333333,0.0,1.0,0.0,0.3333333333333333,0.0,0.3333333333333333,0.3333333333333333,0.3333333333333333,0.3333333333333333,0.0,0.0,0.3333333333333333,0.0,1.0,0.3333333333333333,0.0,0.0
66,0,False,True,False,False,True,False,False,False,False,False,False,False,False,False,False,False,True,False,False,False,True,0.6296296296296295,0.8,0.0,0.0,0.0,0.3333333333333333,0.6666666666666666,0.3333333333333333,0.3333333333333333,0.3333333333333333,1.0,0.0,1.0,0.6666666666666666,0.3333333333333333,0.3333333333333333,0.3333333333333333,0.3333333333333333,0.0,0.3333333333333333,0.6666666666666666,0.6666666666666666,0.0
67,0,True,False,False,False,True,False,False,False,False,False,False,False,False,False,False,False,True,False,False,True,False,0.22222222222222232,0.4,0.3333333333333333,0.6666666666666666,0.3333333333333333,0.0,1.0,0.0,0.0,0.6666666666666666,0.6666666666666666,0.3333333333333333,0.3333333333333333,1.0,1.0,0.3333333333333333,0.0,0.3333333333333333,0.3333333333333333,0.3333333333333333,0.0,0.0,0.0
68,0,True,False,False,False,True,False,False,False,False,False,False,False,False,False,False,False,True,False,False,True,False,0.2592592592592593,0.20000000000000004,0.3333333333333333,0.3333333333333333,0.3333333333333333,0.0,0.3333333333333333,0.3333333333333333,0.6666666666666666,0.6666666666666666,0.6666666666666666,0.6666666666666666,1.0,1.0,1.0,0.3333333333333333,0.3333333333333333,0.3333333333333333,0.6666666666666666,0.6666666666666666,0.6666666666666666,1.0,0.6666666666666666
69,0,True,False,False,False,True,False,False,False,False,False,False,False,False,False,False,False,True,False,False,True,False,0.11111111111111116,0.6000000000000001,0.3333333333333333,0.6666666666666666,0.6666666666666666,1.0,1.0,0.3333333333333333,0.0,0.6666666666666666,0.6666666666666666,0.0,0.3333333333333333,0.6666666666666666,0.3333333333333333,0.0,0.3333333333333333,0.3333333333333333,0.0,1.0,0.3333333333333333,0.3333333333333333,0.0
70,0,True,False,False,False,True,True,False,False,False,False,False,False,False,False,False,False,False,False,False,True,False,0.14814814814814814,0.7000000000000001,0.3333333333333333,0.0,0.0,0.0,0.3333333333333333,0.6666666666666666,0.0,0.3333333333333333,0.0,0.0,0.3333333333333333,1.0,0.0,0.3333333333333333,0.0,0.0,0.0,0.6666666666666666,0.0,0.0,0.0
71,0,True,False,False,False,True,False,False,False,False,False,True,False,False,False,False,False,False,False,False,True,False,0.4444444444444444,0.8,0.3333333333333333,0.0,0.0,0.3333333333333333,1.0,0.6666666666666666,0.6666666666666666,0.3333333333333333,1.0,0.0,0.6666666666666666,0.6666666666666666,0.6666666666666666,0.3333333333333333,0.3333333333333333,0.6666666666666666,0.6666666666666666,1.0,0.3333333333333333,0.6666666666666666,0.0
72,0,False,True,False,False,True,False,False,True,False,False,False,False,False,False,False,False,False,False,False,True,False,0.18518518518518523,0.7000000000000001,0.6666666666666666,0.3333333333333333,0.3333333333333333,0.3333333333333333,0.6666666666666666,0.3333333333333333,0.0,0.6666666666666666,0.0,0.0,0.6666666666666666,0.6666666666666666,0.6666666666666666,0.6666666666666666,0.0,0.3333333333333333,0.6666666666666666,0.6666666666666666,0.3333333333333333,0.6666666666666666,0.3333333333333333
73,0,True,False,False,False,True,False,False,False,False,False,False,False,False,False,False,False,True,False,False,True,False,0.0,0.0,0.6666666666666666,1.0,0.0,0.6666666666666666,0.3333333333333333,1.0,0.3333333333333333,0.0,1.0,1.0,0.3333333333333333,1.0,0.0,1.0,0.3333333333333333,0.0,1.0,0.6666666666666666,1.0,0.6666666666666666,0.0
74,0,True,False,False,False,True,False,False,False,False,False,False,False,False,True,False,False,False,False,False,True,False,0.11111111111111116,0.4,0.6666666666666666,0.6666666666666666,0.0,0.6666666666666666,0.0,0.6666666666666666,0.6666666666666666,0.6666666666666666,0.3333333333333333,0.0,1.0,0.6666666666666666,0.0,0.0,0.0,0.0,0.0,0.6666666666666666,0.0,0.0,0.0
75,0,True,False,False,False,True,False,False,False,False,False,False,False,False,False,False,False,True,False,False,True,False,0.14814814814814814,0.0,0.3333333333333333,0.6666666666666666,0.0,0.3333333333333333,0.6666666666666666,0.6666666666666666,0.3333333333333333,0.6666666666666666,0.3333333333333333,0.0,0.3333333333333333,0.3333333333333333,0.0,0.3333333333333333,0.0,0.0,0.0,0.3333333333333333,0.0,0.3333333333333333,0.0
76,0,True,False,False,False,True,False,False,False,False,False,False,False,False,False,False,False,True,False,False,True,False,0.03703703703703709,0.20000000000000004,0.3333333333333333,0.3333333333333333,0.0,0.3333333333333333,0.3333333333333333,0.0,0.0,0.6666666666666666,0.6666666666666666,0.0,1.0,1.0,0.0,0.0,0.3333333333333333,0.0,0.3333333333333333,0.6666666666666666,0.0,0.3333333333333333,0.3333333333333333
77,0,True,False,False,False,True,False,False,False,False,True,False,False,False,False,False,False,False,False,False,True,False,0.2592592592592593,0.8,0.3333333333333333,0.3333333333333333,0.3333333333333333,0.6666666666666666,1.0,1.0,0.3333333333333333,1.0,0.6666666666666666,0.3333333333333333,1.0,1.0,0.6666666666666666,0.3333333333333333,0.6666666666666666,0.6666666666666666,0.3333333333333333,0.6666666666666666,0.6666666666666666,0.3333333333333333,0.3333333333333333
78,0,False,False,True,False,True,False,False,False,False,False,True,False,False,False,False,False,False,False,False,True,False,0.37037037037037046,0.30000000000000004,0.6666666666666666,0.6666666666666666,0.3333333333333333,0.6666666666666666,0.6666666666666666,0.3333333333333333,0.6666666666666666,0.6666666666666666,0.6666666666666666,0.6666666666666666,0.6666666666666666,0.6666666666666666,0.6666666666666666,0.6666666666666666,0.6666666666666666,0.3333333333333333,0.3333333333333333,0.6666666666666666,0.6666666666666666,0.6666666666666666,0.6666666666666666
79,0,False,True,False,False,True,False,False,False,False,False,False,False,False,False,True,False,False,False,False,True,False,0.14814814814814814,0.30000000000000004,0.3333333333333333,0.0,0.0,0.0,0.3333333333333333,0.0,0.0,0.3333333333333333,0.0,0.3333333333333333,0.3333333333333333,0.6666666666666666,0.3333333333333333,0.3333333333333333,0.0,0.3333333333333333,0.3333333333333333,0.3333333333333333,0.0,0.3333333333333333,0.0
80,0,True,False,False,False,True,False,False,False,False,True,False,False,False,False,False,False,False,False,False,True,False,0.2962962962962963,0.8,0.3333333333333333,0.3333333333333333,0.0,0.0,0.0,0.0,0.3333333333333333,0.3333333333333333,0.3333333333333333,0.0,0.0,0.3333333333333333,0.3333333333333333,0.0,0.0,0.0,0.0,0.3333333333333333,0.0,0.0,0.0
81,0,False,True,False,False,True,False,False,False,False,False,True,False,False,False,False,False,False,False,False,True,False,0.11111111111111116,0.5000000000000001,0.6666666666666666,0.0,0.0,0.3333333333333333,0.3333333333333333,0.0,0.0,0.3333333333333333,0.3333333333333333,0.0,0.3333333333333333,0.6666666666666666,0.0,0.3333333333333333,0.0,0.0,0.0,0.0,0.3333333333333333,0.3333333333333333,0.0
82,0,True,False,False,True,False,False,False,False,False,False,False,False,False,False,False,False,True,False,False,True,False,0.4814814814814816,0.5000000000000001,0.3333333333333333,0.0,0.6666666666666666,0.0,0.6666666666666666,1.0,0.6666666666666666,0.3333333333333333,0.0,0.3333333333333333,0.6666666666666666,0.6666666666666666,0.3333333333333333,0.6666666666666666,0.0,0.6666666666666666,0.0,0.3333333333333333,0.0,0.6666666666666666,1.0
83,0,True,False,False,False,True,False,False,False,False,False,False,False,False,False,False,False,True,False,False,True,False,0.18518518518518523,0.20000000000000004,1.0,1.0,0.6666666666666666,1.0,1.0,1.0,1.0,1.0,1.0,1.0,1.0,1.0,1.0,1.0,1.0,1.0,1.0,1.0,1.0,1.0,1.0
84,0,True,False,False,False,True,False,False,False,False,False,False,False,False,False,False,False,True,False,False,True,False,0.03703703703703709,0.20000000000000004,1.0,0.6666666666666666,0.0,0.0,0.6666666666666666,0.6666666666666666,0.0,1.0,1.0,0.0,0.6666666666666666,0.6666666666666666,0.3333333333333333,0.3333333333333333,0.3333333333333333,0.0,0.0,1.0,0.3333333333333333,0.3333333333333333,0.3333333333333333
85,0,True,False,False,False,True,False,False,False,False,False,False,False,True,False,False,False,False,False,False,True,False,0.07407407407407418,0.1,1.0,1.0,0.3333333333333333,1.0,1.0,0.6666666666666666,1.0,1.0,0.6666666666666666,0.6666666666666666,1.0,1.0,1.0,0.0,1.0,0.3333333333333333,1.0,1.0,1.0,1.0,1.0
86,0,False,True,False,False,True,False,False,False,False,False,False,False,False,False,False,False,True,False,False,False,True,0.18518518518518523,0.4,0.3333333333333333,0.3333333333333333,0.6666666666666666,0.3333333333333333,0.3333333333333333,0.6666666666666666,0.3333333333333333,0.6666666666666666,0.3333333333333333,0.3333333333333333,0.3333333333333333,0.6666666666666666,1.0,0.6666666666666666,0.3333333333333333,0.3333333333333333,0.0,0.3333333333333333,0.6666666666666666,0.3333333333333333,0.6666666666666666
87,0,True,False,False,False,True,False,False,False,False,False,True,False,False,False,False,False,False,False,False,True,False,0.18518518518518523,0.6000000000000001,0.3333333333333333,0.0,0.0,0.3333333333333333,0.3333333333333333,0.3333333333333333,0.0,0.3333333333333333,0.3333333333333333,0.0,0.6666666666666666,0.3333333333333333,0.3333333333333333,0.3333333333333333,0.0,0.0,0.0,0.6666666666666666,0.0,0.3333333333333333,0.0
88,0,False,True,False,False,True,False,False,False,False,False,True,False,False,False,False,False,False,False,False,False,True,0.11111111111111116,0.5000000000000001,0.3333333333333333,0.3333333333333333,0.3333333333333333,0.3333333333333333,0.6666666666666666,0.0,0.0,0.6666666666666666,0.3333333333333333,0.3333333333333333,0.0,0.6666666666666666,0.6666666666666666,0.3333333333333333,0.0,0.6666666666666666,0.3333333333333333,0.0,0.3333333333333333,0.3333333333333333,0.3333333333333333
89,0,True,False,False,False,True,False,False,False,False,False,False,False,False,False,False,False,True,False,False,True,False,0.2962962962962963,0.8,0.3333333333333333,0.3333333333333333,0.3333333333333333,0.3333333333333333,0.6666666666666666,0.3333333333333333,0.0,0.3333333333333333,0.0,0.3333333333333333,0.3333333333333333,0.0,0.6666666666666666,0.0,0.0,0.3333333333333333,0.3333333333333333,0.0,0.3333333333333333,0.3333333333333333,0.0
90,0,True,False,False,False,True,False,False,False,False,False,False,False,False,False,False,False,True,False,False,False,True,0.2592592592592593,0.1,0.3333333333333333,0.0,0.3333333333333333,0.0,0.6666666666666666,0.3333333333333333,0.3333333333333333,0.3333333333333333,0.0,0.0,0.3333333333333333,0.3333333333333333,0.3333333333333333,0.0,0.3333333333333333,0.3333333333333333,0.0,0.3333333333333333,0.3333333333333333,0.3333333333333333,0.0
91,0,True,False,False,False,True,False,False,False,False,False,False,False,False,True,False,False,False,False,False,True,False,0.03703703703703709,0.0,0.3333333333333333,0.0,0.3333333333333333,0.3333333333333333,0.6666666666666666,0.6666666666666666,1.0,0.6666666666666666,0.3333333333333333,0.3333333333333333,0.3333333333333333,0.6666666666666666,0.0,0.6666666666666666,0.0,0.3333333333333333,0.6666666666666666,1.0,1.0,0.3333333333333333,0.3333333333333333
92,1,True,False,False,True,False,False,False,False,False,False,False,False,False,False,False,False,True,False,False,True,False,0.9259259259259258,0.1,0.3333333333333333,0.3333333333333333,0.0,0.0,0.0,0.3333333333333333,0.0,0.0,0.0,0.0,0.3333333333333333,0.0,0.0,0.0,0.0,0.0,0.0,0.3333333333333333,0.0,0.0,0.0
93,0,True,False,False,False,True,False,False,False,False,False,False,False,False,False,False,False,True,False,False,True,False,0.33333333333333337,0.20000000000000004,1.0,0.6666666666666666,0.0,1.0,0.3333333333333333,1.0,1.0,1.0,1.0,0.0,1.0,1.0,0.0,0.3333333333333333,1.0,0.3333333333333333,0.0,1.0,1.0,1.0,0.0
94,0,True,False,False,False,True,False,False,False,False,False,False,False,False,False,True,False,False,False,False,True,False,0.22222222222222232,0.30000000000000004,0.6666666666666666,1.0,0.6666666666666666,0.6666666666666666,0.3333333333333333,0.3333333333333333,0.6666666666666666,0.6666666666666666,1.0,0.3333333333333333,0.3333333333333333,0.6666666666666666,1.0,0.3333333333333333,0.3333333333333333,0.6666666666666666,1.0,0.6666666666666666,0.3333333333333333,0.3333333333333333,0.6666666666666666
95,0,True,False,False,False,True,False,False,False,False,False,False,False,False,False,False,False,True,False,False,True,False,0.18518518518518523,0.8,0.6666666666666666,0.0,0.0,0.6666666666666666,0.3333333333333333,0.3333333333333333,0.3333333333333333,0.6666666666666666,0.6666666666666666,0.0,0.6666666666666666,0.6666666666666666,0.3333333333333333,0.0,0.3333333333333333,0.3333333333333333,0.0,0.3333333333333333,0.6666666666666666,0.0,0.0
96,0,True,False,False,False,True,False,False,False,False,False,False,False,False,True,False,False,False,False,False,True,False,0.07407407407407418,0.0,0.3333333333333333,0.3333333333333333,1.0,1.0,1.0,1.0,1.0,1.0,1.0,1.0,1.0,1.0,1.0,1.0,1.0,0.6666666666666666,1.0,1.0,1.0,0.6666666666666666,1.0
97,0,True,False,False,False,True,False,False,False,False,False,False,False,False,False,False,False,True,False,False,True,False,0.11111111111111116,0.4,0.3333333333333333,0.6666666666666666,0.0,0.6666666666666666,0.6666666666666666,0.3333333333333333,0.3333333333333333,0.6666666666666666,0.3333333333333333,0.3333333333333333,0.6666666666666666,0.6666666666666666,0.3333333333333333,0.3333333333333333,0.3333333333333333,0.3333333333333333,0.0,0.6666666666666666,0.6666666666666666,0.3333333333333333,0.0
98,0,False,True,False,False,True,False,False,False,False,False,True,False,False,False,False,False,False,False,False,True,False,0.22222222222222232,0.6000000000000001,0.0,0.0,0.0,0.0,0.0,0.3333333333333333,0.0,0.0,0.0,0.0,0.0,0.0,0.0,0.0,0.0,0.0,0.0,0.0,0.0,0.0,0.0
99,0,True,False,False,False,True,False,False,False,False,False,False,False,False,False,False,False,False,True,False,True,False,0.07407407407407418,0.1,0.6666666666666666,0.3333333333333333,0.6666666666666666,1.0,0.3333333333333333,0.6666666666666666,1.0,1.0,1.0,1.0,0.6666666666666666,1.0,1.0,0.6666666666666666,1.0,0.3333333333333333,0.3333333333333333,1.0,1.0,1.0,0.3333333333333333
100,0,True,False,False,False,True,False,False,False,False,False,False,False,False,False,False,False,True,False,False,True,False,0.03703703703703709,0.20000000000000004,0.3333333333333333,0.0,0.0,0.0,0.3333333333333333,0.6666666666666666,0.0,0.3333333333333333,0.6666666666666666,0.3333333333333333,1.0,0.6666666666666666,0.0,0.3333333333333333,0.3333333333333333,0.0,0.0,0.3333333333333333,0.0,0.6666666666666666,0.0
101,0,True,False,False,False,True,False,False,False,False,False,False,False,False,False,False,False,True,False,False,True,False,0.03703703703703709,0.0,0.0,0.0,0.0,0.0,0.3333333333333333,0.3333333333333333,0.0,0.0,0.0,0.0,0.3333333333333333,0.0,0.0,0.0,0.0,0.0,0.0,0.0,0.0,0.3333333333333333,0.0
102,1,False,True,False,False,True,False,False,False,False,False,False,False,False,False,False,False,True,False,False,True,False,0.2592592592592593,0.20000000000000004,0.0,0.3333333333333333,0.3333333333333333,0.0,0.3333333333333333,0.6666666666666666,0.0,0.3333333333333333,0.0,0.3333333333333333,0.6666666666666666,0.3333333333333333,0.6666666666666666,0.0,0.3333333333333333,0.3333333333333333,0.3333333333333333,0.6666666666666666,0.0,0.0,0.6666666666666666
103,0,False,True,False,False,True,False,False,False,False,False,False,False,False,False,False,False,True,False,False,True,False,0.22222222222222232,0.8,0.3333333333333333,0.3333333333333333,0.3333333333333333,0.0,0.6666666666666666,1.0,0.0,0.0,0.0,0.6666666666666666,0.3333333333333333,0.3333333333333333,0.0,0.6666666666666666,0.0,0.3333333333333333,0.0,0.3333333333333333,0.0,0.0,0.3333333333333333
104,0,True,False,False,False,True,False,False,False,False,False,False,False,False,False,False,False,True,False,False,True,False,0.18518518518518523,1.0,0.6666666666666666,0.3333333333333333,0.3333333333333333,0.3333333333333333,0.3333333333333333,0.3333333333333333,0.3333333333333333,0.3333333333333333,0.3333333333333333,0.3333333333333333,0.3333333333333333,0.3333333333333333,0.3333333333333333,0.3333333333333333,0.3333333333333333,0.3333333333333333,0.3333333333333333,0.3333333333333333,0.3333333333333333,0.3333333333333333,0.3333333333333333
105,0,True,False,False,False,True,False,False,False,False,False,False,False,False,True,False,False,False,False,False,True,False,0.11111111111111116,0.0,0.6666666666666666,0.3333333333333333,0.3333333333333333,0.3333333333333333,1.0,0.3333333333333333,1.0,0.6666666666666666,0.6666666666666666,1.0,1.0,1.0,0.3333333333333333,0.3333333333333333,0.6666666666666666,0.3333333333333333,1.0,1.0,1.0,1.0,0.0
106,0,True,False,False,False,True,False,False,False,False,False,False,False,False,False,False,False,True,False,False,True,False,0.18518518518518523,0.8,0.3333333333333333,0.3333333333333333,0.3333333333333333,0.3333333333333333,0.6666666666666666,0.3333333333333333,0.0,0.3333333333333333,0.3333333333333333,0.3333333333333333,0.3333333333333333,0.3333333333333333,0.3333333333333333,0.3333333333333333,0.3333333333333333,0.3333333333333333,0.0,0.3333333333333333,0.6666666666666666,0.0,0.3333333333333333
107,0,True,False,False,True,False,False,False,False,False,False,False,False,False,False,False,False,True,False,False,True,False,0.4814814814814816,0.0,0.6666666666666666,0.6666666666666666,0.3333333333333333,0.3333333333333333,0.3333333333333333,0.6666666666666666,0.6666666666666666,0.6666666666666666,0.6666666666666666,0.3333333333333333,0.6666666666666666,0.3333333333333333,0.3333333333333333,0.3333333333333333,0.6666666666666666,0.3333333333333333,0.3333333333333333,0.6666666666666666,0.6666666666666666,0.6666666666666666,0.3333333333333333
108,0,True,False,False,False,True,False,False,False,False,False,False,False,False,False,False,False,True,False,False,True,False,0.03703703703703709,0.20000000000000004,0.6666666666666666,0.3333333333333333,0.3333333333333333,0.3333333333333333,0.6666666666666666,0.6666666666666666,0.3333333333333333,0.6666666666666666,0.3333333333333333,0.3333333333333333,0.3333333333333333,0.6666666666666666,0.0,0.3333333333333333,0.3333333333333333,0.3333333333333333,0.6666666666666666,0.6666666666666666,0.3333333333333333,0.3333333333333333,0.0
109,0,False,True,False,False,True,False,False,False,False,False,False,False,False,False,False,False,True,False,False,True,False,0.22222222222222232,0.4,0.6666666666666666,0.0,0.3333333333333333,0.6666666666666666,0.6666666666666666,1.0,0.3333333333333333,0.3333333333333333,0.0,0.3333333333333333,1.0,1.0,1.0,0.6666666666666666,0.0,0.6666666666666666,0.6666666666666666,0.6666666666666666,0.3333333333333333,0.3333333333333333,1.0
110,0,True,False,False,False,True,False,False,False,False,False,False,False,False,False,False,False,True,False,False,True,False,0.03703703703703709,0.0,0.0,0.0,0.0,0.0,0.3333333333333333,0.0,0.3333333333333333,0.0,0.0,0.0,0.3333333333333333,0.3333333333333333,0.0,0.0,0.0,0.0,0.0,0.0,0.0,0.3333333333333333,0.0
111,0,False,True,False,False,True,False,False,False,False,False,False,False,False,False,False,False,True,False,False,True,False,0.11111111111111116,0.20000000000000004,0.0,0.0,0.0,0.0,0.3333333333333333,0.0,0.0,0.0,0.0,0.0,0.3333333333333333,0.3333333333333333,0.0,0.0,0.0,0.0,0.0,0.0,0.0,0.0,0.0
112,0,True,False,False,False,True,False,False,False,False,False,False,False,False,True,False,False,False,False,False,True,False,0.22222222222222232,0.0,0.6666666666666666,0.6666666666666666,0.3333333333333333,1.0,0.6666666666666666,0.6666666666666666,0.6666666666666666,0.6666666666666666,1.0,0.6666666666666666,0.6666666666666666,0.6666666666666666,0.6666666666666666,0.3333333333333333,0.6666666666666666,0.6666666666666666,0.6666666666666666,0.3333333333333333,1.0,1.0,0.3333333333333333
113,0,True,False,False,False,True,False,False,False,False,False,False,False,False,False,True,False,False,False,False,True,False,0.14814814814814814,0.30000000000000004,1.0,0.6666666666666666,0.0,1.0,0.3333333333333333,0.6666666666666666,1.0,1.0,1.0,0.0,0.6666666666666666,1.0,1.0,0.6666666666666666,1.0,0.3333333333333333,1.0,1.0,1.0,1.0,0.3333333333333333
114,0,True,False,False,False,True,False,False,False,False,False,False,False,False,False,True,False,False,False,False,True,False,0.18518518518518523,0.30000000000000004,0.3333333333333333,0.3333333333333333,0.0,1.0,0.3333333333333333,0.3333333333333333,0.6666666666666666,0.6666666666666666,1.0,1.0,0.3333333333333333,0.6666666666666666,0.6666666666666666,0.0,0.6666666666666666,0.6666666666666666,0.3333333333333333,1.0,0.6666666666666666,0.3333333333333333,0.6666666666666666
115,0,True,False,False,False,True,False,False,False,False,False,False,False,False,False,False,False,True,False,False,False,True,1.0,0.20000000000000004,0.3333333333333333,0.3333333333333333,0.3333333333333333,0.3333333333333333,0.3333333333333333,0.3333333333333333,0.0,0.0,0.3333333333333333,0.0,0.0,0.3333333333333333,0.3333333333333333,0.3333333333333333,0.0,0.0,0.0,0.3333333333333333,0.3333333333333333,0.0,0.0
116,0,True,False,False,False,True,False,False,False,False,False,False,False,False,True,False,False,False,False,False,True,False,0.11111111111111116,0.4,0.0,0.3333333333333333,0.0,0.0,0.3333333333333333,0.3333333333333333,0.3333333333333333,0.0,0.3333333333333333,0.0,0.3333333333333333,0.3333333333333333,0.3333333333333333,0.0,0.0,0.0,0.0,0.3333333333333333,0.3333333333333333,0.0,0.0
117,0,True,False,False,False,True,False,False,False,False,False,False,True,False,False,False,False,False,False,False,True,False,0.18518518518518523,0.30000000000000004,0.3333333333333333,0.6666666666666666,0.3333333333333333,0.6666666666666666,1.0,0.6666666666666666,0.6666666666666666,0.6666666666666666,0.0,0.3333333333333333,0.6666666666666666,1.0,0.3333333333333333,0.6666666666666666,0.6666666666666666,0.6666666666666666,0.6666666666666666,0.6666666666666666,1.0,1.0,0.3333333333333333
118,0,True,False,False,False,True,False,False,False,False,False,False,False,False,True,False,False,False,False,False,True,False,0.4444444444444444,0.4,0.3333333333333333,0.6666666666666666,0.3333333333333333,0.6666666666666666,0.3333333333333333,1.0,0.3333333333333333,0.6666666666666666,0.6666666666666666,0.3333333333333333,1.0,0.6666666666666666,0.6666666666666666,0.3333333333333333,0.6666666666666666,0.3333333333333333,0.3333333333333333,0.6666666666666666,1.0,1.0,0.6666666666666666
